release_year,author_name,book_shortener,book_title,poem_title,excerpt,file_name,link_url,low_res_file_name,low_res_link_url,folder_link,file_type,file_type_helper,book_release_catalog,graphic_made_status,approved_for_quote_image,used_status,notes,alternate_filename,source_row_number,source_row_numbers,excerpt_id,excerpt_ids,source_row_count,release_year_values,any_graphic_made_status_y,any_approved_for_quote_image_y,missing_core_fields,asset_key
2015,Neil Hilborn,OND,,Liminality,"“Heaven is an exhausted horse laying down to die, it’s you and your ceiling fan conversing in whispers”",TFLE - INT - hi-03.jpg,https://drive.google.com/file/d/1kUl2oIUzS2vRHAa7Mph4wbwepv5qtCub/view?usp=drivesdk,,,,QI,QI,Spring 2015,,,FALSE,,,28106,28106,19915,19915,1,2015,,,book_title,https://drive.google.com/file/d/1kUl2oIUzS2vRHAa7Mph4wbwepv5qtCub/view?usp=drivesdk
2015,Neil Hilborn,OND,,Liminality,“We are astronauts coming back to earth.”,TFLE - INT - hi-05.jpg,https://drive.google.com/file/d/1VJr43gDK6gD4fDZLnygsaNlHp5LdIMF4/view?usp=drivesdk,,,,QI,QI,Spring 2015,,,FALSE,,,28105,28105,19913,19913,1,2015,,,book_title,https://drive.google.com/file/d/1VJr43gDK6gD4fDZLnygsaNlHp5LdIMF4/view?usp=drivesdk
2015,Neil Hilborn,OND,,Little Poems,"“Once it snowed, and it wasn’t that I felt great, because I felt awful, but awful is better than nothing.”",Neil - OND - Quote Image - I Don't Know What.png,https://drive.google.com/a/buttonpoetry.com/file/d/0B_-uqSs_rEYCUGkyNHQyOVVXLXc/view?usp=drivesdk,,,,QI,QI,Spring 2015,,,FALSE,,,28118,"28118, 28141",19919,"19919, 19922",2,2015,,,book_title,https://drive.google.com/a/buttonpoetry.com/file/d/0B_-uqSs_rEYCUGkyNHQyOVVXLXc/view?usp=drivesdk
2015,Neil Hilborn,OND,,Our Numbered Days (vii),“Hope is a thing I drag out of storage when I am done thinking.”,Neil - OND - Quote Image - Parallel parking.png,https://drive.google.com/a/buttonpoetry.com/file/d/0B_-uqSs_rEYCRGQ2YWRheWROc1U/view?usp=drivesdk,,,,QI,QI,Spring 2015,,,FALSE,,,28511,28511,20102,20102,1,2015,,,book_title,https://drive.google.com/a/buttonpoetry.com/file/d/0B_-uqSs_rEYCRGQ2YWRheWROc1U/view?usp=drivesdk
2015,Neil Hilborn,OND,,Phreaking,"“I have not seen her in so long. To me, she is only a ghost in a machine. She is only a memory, like a broken flashlight or summer.”",Neil - OND - Quote Image - For her.png,https://drive.google.com/a/buttonpoetry.com/file/d/0B_-uqSs_rEYCYjZ0Zm5BY1RyTlE/view?usp=drivesdk,,,,QI,QI,Spring 2015,,,FALSE,,,28537,"28530, 28537",20133,"20133, 20135",2,2015,,,book_title,https://drive.google.com/a/buttonpoetry.com/file/d/0B_-uqSs_rEYCYjZ0Zm5BY1RyTlE/view?usp=drivesdk
2015,Neil Hilborn,OND,,Phreaking,"“When she calls me, her laugh crackling over the Midwest, I feel farther from her than when we are not speaking. I reach and touch nothing. I hear phone lines in the wind nothing. I hear phone lines in the wind they are calling my name.”",Neil - OND - Quote Image - There are no words.png,https://drive.google.com/a/buttonpoetry.com/file/d/0B_-uqSs_rEYCYjBud2ZaUlZ1c1k/view?usp=drivesdk,,,,QI,QI,Spring 2015,,,FALSE,,,28535,"28526, 28535",20136,"20133, 20136",2,2015,,,book_title,https://drive.google.com/a/buttonpoetry.com/file/d/0B_-uqSs_rEYCYjBud2ZaUlZ1c1k/view?usp=drivesdk
2015,Neil Hilborn,OND,,The Sadness Factory,"“The Sadness Factory is, no joke, shaped like a heart. Sadness is the corniest of emotions.”","Hilborn - AT - The Vanishing Pharmacopeia (Or, Ballad for an Escape) - 1.png",https://drive.google.com/file/d/1V15yygm2K8fgffZJN6oBBKETe2ll2MyQ/view?usp=drivesdk,,,,QI,QI,Spring 2015,,,FALSE,,,28835,28835,20302,20302,1,2015,,,book_title,https://drive.google.com/file/d/1V15yygm2K8fgffZJN6oBBKETe2ll2MyQ/view?usp=drivesdk
2015,Neil Hilborn,,Our Numbered Days,Here and Away,"“See, we are wrong when we say I think, therefore I am. The more we say it, the more it sounds like, “I think, therefore I will be.” You cannot think yourself into a full table. You cannot think and make walls and a roof appear around you. I have thought and thought myself into corners made of words, nightmares, and what has it gotten me but more thoughts, a currency that only buys more currency.”",Neil - OND - Quote Image - I am not saying.png,https://drive.google.com/a/buttonpoetry.com/file/d/0B_-uqSs_rEYCbGNBaktCWU83UlU/view?usp=drivesdk,,,,QI,,Spring 2015,,,,,,27946,"27941, 27946",19823,"19821, 19823",2,2015,,,book_shortener,https://drive.google.com/a/buttonpoetry.com/file/d/0B_-uqSs_rEYCbGNBaktCWU83UlU/view?usp=drivesdk
2015,Neil Hilborn,,Our Numbered Days,Here and Away,"“if you want to continue existing, do something. Learn to make clouds with only your breath. Build a house, even if every wall leans to the left. Love it anyway, just like a season. Just like a child. Love how you hate yourself sometimes, because goddamn, at least there’s still something to hate.”",Neil - OND - Quote Image - I've been burned.png,https://drive.google.com/a/buttonpoetry.com/file/d/0B_-uqSs_rEYCQ3FXbkZ6ek9pX1E/view?usp=drivesdk,,,,QI,,Spring 2015,,,,,,27947,"27937, 27947",19810,"19810, 19817",2,2015,,,book_shortener,https://drive.google.com/a/buttonpoetry.com/file/d/0B_-uqSs_rEYCQ3FXbkZ6ek9pX1E/view?usp=drivesdk
2015,Neil Hilborn,,Our Numbered Days,Here and Away,"“Whatever you are feeling right now, there is a mathematical certainty that someone is feeling that exact thing. This is not to say you aren’t special. This is to say thank god you aren’t special.”",Neil - OND - Quote Image - If you want.png,https://drive.google.com/a/buttonpoetry.com/file/d/0B_-uqSs_rEYCR21FdzFuQmkxaFE/view?usp=drivesdk,,,,QI,,Spring 2015,,,,,,27943,"27943, 27948",19819,"19809, 19819",2,2015,,,book_shortener,https://drive.google.com/a/buttonpoetry.com/file/d/0B_-uqSs_rEYCR21FdzFuQmkxaFE/view?usp=drivesdk
2015,Neil Hilborn,,Our Numbered Days,Here and Away,“It’s so easy to think and keep thinking until you are the last person left on earth. Until the entire world is no larger than the space between your bed and the light switch”,Neil - OND - Quote Image - See we are wrong.png,https://drive.google.com/a/buttonpoetry.com/file/d/0B_-uqSs_rEYCeG42Q2tnYWVqRzA/view?usp=drivesdk,,,,QI,,Spring 2015,,,,,,27949,"27942, 27949",19824,"19822, 19824",2,2015,,,book_shortener,https://drive.google.com/a/buttonpoetry.com/file/d/0B_-uqSs_rEYCeG42Q2tnYWVqRzA/view?usp=drivesdk
2015,Neil Hilborn,,Our Numbered Days,Little Poems,"“I Don’t Know What “It” Is, But I Do Know where to Find It It’s in the light sifting through your bedroom window. It’s in the street when the whole world is pinched and slow. It’s in the basement where you left it. It’s in the ground. It’s in your head.”",Neil - OND - Quote Image - Depression wasn't.png,https://drive.google.com/a/buttonpoetry.com/file/d/0B_-uqSs_rEYCeU9oMzhsbm5iMUk/view?usp=drivesdk,,,,QI,,Spring 2015,,,,,,28122,"28122, 28140",19923,"19922, 19923",2,2015,,,book_shortener,https://drive.google.com/a/buttonpoetry.com/file/d/0B_-uqSs_rEYCeU9oMzhsbm5iMUk/view?usp=drivesdk
2015,Neil Hilborn,,Our Numbered Days,OCD,"“On our first date, I spent more time organizing my meal by color than I did eating or talking to her, but she loved it. She loved that I had to kiss her goodbye sixteen times, or twenty-four times if it was Wednesday. She loved that it took me forever to walk home because there are a lot of cracks in our sidewalk.”",Neil - OND - Quote Image - I want her back.png,https://drive.google.com/a/buttonpoetry.com/file/d/0B_-uqSs_rEYCYUdKRVhKTnFEcm8/view?usp=drivesdk,,,,QI,,Spring 2015,,,,,,28366,"28366, 28368",20033,"20033, 20040",2,2015,,,book_shortener,https://drive.google.com/a/buttonpoetry.com/file/d/0B_-uqSs_rEYCYUdKRVhKTnFEcm8/view?usp=drivesdk
2015,Neil Hilborn,,Our Numbered Days,Snow Theory,“Snow is a sentient being that hates when people drive in straight lines.”,Neil - OND - Quote Image - Snow is a sentient.png,https://drive.google.com/a/buttonpoetry.com/file/d/0B_-uqSs_rEYCYTV4WXQ4aVZrZTQ/view?usp=drivesdk,,,,QI,,Spring 2015,,,,,,28671,"28667, 28671",20211,"20210, 20211",2,2015,,,book_shortener,https://drive.google.com/a/buttonpoetry.com/file/d/0B_-uqSs_rEYCYTV4WXQ4aVZrZTQ/view?usp=drivesdk
2017,Rudy Francisco,HELI,,“Adrenaline Rush”,“I could tell he was the kind of man who brings a gun to a food fight.”,EMAI-INT-HI-64.jpg,https://drive.google.com/file/d/1dmqRYaT-Rnb1UgfJUSTTssSE1Lpwhqcm/view?usp=drivesdk,,,,QI,QI,Fall 2017,,,FALSE,,,35976,35976,25190,25190,1,2017,,,book_title,https://drive.google.com/file/d/1dmqRYaT-Rnb1UgfJUSTTssSE1Lpwhqcm/view?usp=drivesdk
2017,Rudy Francisco,HELI,,“Drive”,“Play a song and give the stereo permission to use its outside voice.”,Francisco - IFA - Quote Image - This sadness is the.png,https://drive.google.com/file/d/1bbuWaEvZJFHVRM6VZxighPrymAkIN1hC/view?usp=drivesdk,,,,QI,QI,Fall 2017,,,FALSE,,,36184,36184,25334,25334,1,2017,,,book_title,https://drive.google.com/file/d/1bbuWaEvZJFHVRM6VZxighPrymAkIN1hC/view?usp=drivesdk
2017,Rudy Francisco,HELI,,“If I Was a Love Poet”,"“If I was a love poet, I’d write about how I melt in front of you like an ice sculpture every time I hear the vibration in your voice”",Rudy - Helium - Quote Image - every time I try.png,https://drive.google.com/a/buttonpoetry.com/file/d/0B_-uqSs_rEYCWDR6U3Z4Q2RZdUk/view?usp=drivesdk,,,,QI,QI,Fall 2017,,,FALSE,,,36495,36495,25486,25486,1,2017,,,book_title,https://drive.google.com/a/buttonpoetry.com/file/d/0B_-uqSs_rEYCWDR6U3Z4Q2RZdUk/view?usp=drivesdk
2017,Rudy Francisco,HELI,,“Ouch”,"“The words ""I am"" are slowly transforming into ""I used to be"" because every year, the past tense finds a larger house inside the neighborhood of my everyday vernacular.”",Francisco - HELI - INT - Ouch 2,https://drive.google.com/file/d/1XUnmlDwe-3ITVrUxsoIUzyjtWDUzmF-6/view?usp=drivesdk,,,,QI,QI,Fall 2017,,,FALSE,,,37071,37071,25767,25767,1,2017,,,book_title,https://drive.google.com/file/d/1XUnmlDwe-3ITVrUxsoIUzyjtWDUzmF-6/view?usp=drivesdk
2017,Rudy Francisco,HELI,,“Petal”,“The tongue has a jagged beauty and I know how easily the mouth can become a rose bush.”,Francisco - HELI - INT - Cover 8,https://drive.google.com/file/d/1bxYbLB_3X0BiXFqM_KA0YDJ2vlrDEIGg/view?usp=drivesdk,,,,QI,QI,Fall 2017,,,FALSE,,,37111,37111,25796,25796,1,2017,,,book_title,https://drive.google.com/file/d/1bxYbLB_3X0BiXFqM_KA0YDJ2vlrDEIGg/view?usp=drivesdk
2017,Rudy Francisco,HELI,,“Scars”,"""you want to know how I got these scars. I’ll tell you. I got these scars the day I fell in love with you. I landed face-first.”",Francisco - HELI - INT - And of course,https://drive.google.com/file/d/136uEathsIHY2xf3cQx2BRkMXUgufIAtY/view?usp=drivesdk,,,,QI,QI,Fall 2017,,,FALSE,,,37285,37285,25891,25891,1,2017,,,book_title,https://drive.google.com/file/d/136uEathsIHY2xf3cQx2BRkMXUgufIAtY/view?usp=drivesdk
2017,Rudy Francisco,HELI,,“Sip”,"“I’m still learning how to let endearment sit until it's ready to be consumed, hold it to my lips and sip slowly.”",Francisco - IFA - INT - Skelt.jpg,https://drive.google.com/file/d/1PU9skjaDBFlgxqwbQk-23wGypu8Sqq6Q/view?usp=drivesdk,,,,QI,QI,Fall 2017,,,FALSE,,,37364,37364,25940,25940,1,2017,,,book_title,https://drive.google.com/file/d/1PU9skjaDBFlgxqwbQk-23wGypu8Sqq6Q/view?usp=drivesdk
2017,Rudy Francisco,HELI,,“Water”,"“Do you know the human body is approximately sixty percent water? When I walk into a room full of people, all I see is an ocean.”",Francisco - HELI - INT - I tried to smile.jpg,https://drive.google.com/file/d/12W0LF46chC8iE1uwhIYkgHt2pBjeN8yu/view?usp=drivesdk,,,,QI,QI,Fall 2017,,,FALSE,,,37616,37616,26064,26064,1,2017,,,book_title,https://drive.google.com/file/d/12W0LF46chC8iE1uwhIYkgHt2pBjeN8yu/view?usp=drivesdk
2017,Rudy Francisco,HELI,,“When People Ask How I’m Doing”,"I’d rather not ruin someone’s day with my tragic honesty so instead I treat my face like a pumpkin. I pretend that it’s Halloween. I carve it into something acceptable. I laugh and I say, ‘I’m doing alright.’”",Francisco - IFA - Quote Image - I hope to sing.png,https://drive.google.com/file/d/1ilgzaW5oSssnBvVCsh_o9iIAMYSHl0Rf/view?usp=drivesdk,,,,QI,QI,Fall 2017,,,FALSE,,,37654,37654,26084,26084,1,2017,,,book_title,https://drive.google.com/file/d/1ilgzaW5oSssnBvVCsh_o9iIAMYSHl0Rf/view?usp=drivesdk
2020,Rudy Francisco,IFA,,“I wish you a checkered flag”,“You can’t flex on me if I’m rooting for you.”,EMAI-INT-HI-21.jpg,https://drive.google.com/file/d/1r_3O3evG-X6RV073UGov0ndLV7LoL-oy/view?usp=drivesdk,,,,QI,QI,Fall 2020,,,FALSE,,,36463,36463,25469,25469,1,2020,,,book_title,https://drive.google.com/file/d/1r_3O3evG-X6RV073UGov0ndLV7LoL-oy/view?usp=drivesdk
,Amanda Aiyu Lee,PBC,Poetry By Chance,LOVE IS AN ELUSIVE SONGBIRD,"""What do I even want? I asked myself one night as the sky hid behind clouds and the moon wept for all of her stars I want to be free again. I don't want to live as his lost price.""",LEE - PBCA - Quote Images - LOVE IS AN ELUSIVE SONGBIRD - 9.png,https://drive.google.com/file/d/10ac16lxfAaPO649pHTLaA48D87H5gRGI/view?usp=drivesdk,,,,QI,QI,,,,FALSE,,,1527,1527,1161,1161,1,,,,release_year,https://drive.google.com/file/d/10ac16lxfAaPO649pHTLaA48D87H5gRGI/view?usp=drivesdk
,Amanda Aiyu Lee,PBC,Poetry By Chance,LOVE IS AN ELUSIVE SONGBIRD,"""What do I even want? I asked myself one night as the sky hid behind clouds and the moon wept for all of her stars I want to be free again. I don't want to live as his lost price.""",LEE-PBCA-Quote Images- LOVE IS AN ELUSIVE SONGBIRD-6.png,https://drive.google.com/file/d/1kc8POR_5fs9Ks-oWzt3IcMrbHizaCAhd/view?usp=drivesdk,,,,QI,QI,,,,FALSE,,,1528,1528,1161,1161,1,,,,release_year,https://drive.google.com/file/d/1kc8POR_5fs9Ks-oWzt3IcMrbHizaCAhd/view?usp=drivesdk
,Blythe Baird,SYW,"Single, Young, & Worried",“A SIGN SHE IS TRYING”,"“Of all the things this world has taught her to apologize for, I am jealous that love has never been one of them.”","Baird - SYW - Quote Image - “Of all the things this world has taught her to apologize for, I am jealous that love has never been one of them.”",https://drive.google.com/file/d/1KItvXRS3p5af9WXmoCjHp59Ht1m8kFtv/view?usp=drivesdk,,,,QI,QI,,,,FALSE,,,5506,5506,4115,4115,1,,,,release_year,https://drive.google.com/file/d/1KItvXRS3p5af9WXmoCjHp59Ht1m8kFtv/view?usp=drivesdk
,Blythe Baird,SYW,"Single, Young, & Worried",“AFTER THE POETRY SLAM IS OVER”,“you will still be significant & intelligent & worthwhile & creative & lovable & talented & brave & alive & forgiven & allowed to be happy even if you never pry open the portal of your wounds with the crowbar of your writing ever again.”,Baird - SYW - Quote Image - “you will still be significant & intelligent & worthwhile & creative & lovable & talented & brave & alive & forgiven & allowed to be happy even if you never pry open the portal of your wounds with the crowbar of your writing ever again.”,https://drive.google.com/file/d/1K49BFft1K91zLINcPwrxaShFAo8nky-k/view?usp=drivesdk,,,,QI,QI,,,,FALSE,,,5508,5508,4117,4117,1,,,,release_year,https://drive.google.com/file/d/1K49BFft1K91zLINcPwrxaShFAo8nky-k/view?usp=drivesdk
,Blythe Baird,SYW,"Single, Young, & Worried",“CODE T14.91”,“The only way I knew how to acquire attention was to become an emergency.”,Baird - SYW - Quote Image - “The only way I knew how to acquire attention was to become an emergency.”,https://drive.google.com/file/d/10WJlCSooRfr7lYCQS5kBWfBn5Je1AiIU/view?usp=drivesdk,,,,QI,QI,,,,FALSE,,,5547,5547,4143,4143,1,,,,release_year,https://drive.google.com/file/d/10WJlCSooRfr7lYCQS5kBWfBn5Je1AiIU/view?usp=drivesdk
,Blythe Baird,SYW,"Single, Young, & Worried","“COME HOME, STOCKHOLM”",“how humbling it is to know: the body I threw stones at is the same body who is still determined to write love letters to me.”,Baird - SYW - Quote Image - “how humbling it is to know: the body I threw stones at is the same body who is still determined to write love letters to me.”,https://drive.google.com/file/d/1sgxctm3gBCYE2I0QCbNCic0w5bTo6tmg/view?usp=drivesdk,,,,QI,QI,,,,FALSE,,,5554,5554,4144,4144,1,,,,release_year,https://drive.google.com/file/d/1sgxctm3gBCYE2I0QCbNCic0w5bTo6tmg/view?usp=drivesdk
,Blythe Baird,SYW,"Single, Young, & Worried",“GUILT DOESN’T LIVE HERE ANYMORE”,"""’Bitch, I keep a life raft in my smile. I keep switchblades in my mascara.’""","Baird - SYW - Quote Image - ""’Bitch, I keep a life raft in my smile. I keep switchblades in my mascara.’""",https://drive.google.com/file/d/11OahkHFgBjrNio1sCAclvCvDQJPllnWb/view?usp=drivesdk,,,,QI,QI,,,,FALSE,,,5724,5724,4233,4233,1,,,,release_year,https://drive.google.com/file/d/11OahkHFgBjrNio1sCAclvCvDQJPllnWb/view?usp=drivesdk
,Blythe Baird,SYW,"Single, Young, & Worried",“GUILT DOESN’T LIVE HERE ANYMORE”,"“every time I thought my life was ending, turns out, it was just opening.”","Baird - SYW - Quote Image - “every time I thought my life was ending, turns out, it was just opening.”",https://drive.google.com/file/d/1fIPOWFGis5gq0GI4qAuKksI2vSnvRAVa/view?usp=drivesdk,,,,QI,QI,,,,FALSE,,,5725,5725,4234,4234,1,,,,release_year,https://drive.google.com/file/d/1fIPOWFGis5gq0GI4qAuKksI2vSnvRAVa/view?usp=drivesdk
,Blythe Baird,SYW,"Single, Young, & Worried",“GUILT DOESN’T LIVE HERE ANYMORE”,"“Find victory in the small things: the folded laundry, the clean plate, the answered phone call, the brushed teeth.”","Baird - SYW - Quote Image - “Find victory in the small things: the folded laundry, the clean plate, the answered phone call, the brushed teeth.”",https://drive.google.com/file/d/1zQ4eKAW2u07pH4joveqDiCuBfUhIEbiO/view?usp=drivesdk,,,,QI,QI,,,,FALSE,,,5726,5726,4235,4235,1,,,,release_year,https://drive.google.com/file/d/1zQ4eKAW2u07pH4joveqDiCuBfUhIEbiO/view?usp=drivesdk
,Blythe Baird,SYW,"Single, Young, & Worried",“GUILT DOESN’T LIVE HERE ANYMORE”,“I am sharpening my voice into a sword. I am becoming a girl made of mace.”,Baird - SYW - Quote Image - “I am sharpening my voice into a sword. I am becoming a girl made of mace.”,https://drive.google.com/file/d/13EHCBjPhdAQq8WyVkHRPoqGuHdqPY47t/view?usp=drivesdk,,,,QI,QI,,,,FALSE,,,5727,5727,4236,4236,1,,,,release_year,https://drive.google.com/file/d/13EHCBjPhdAQq8WyVkHRPoqGuHdqPY47t/view?usp=drivesdk
,Blythe Baird,SYW,"Single, Young, & Worried",“GUILT DOESN’T LIVE HERE ANYMORE”,“I left hell so I could come back and tell you all about it.”,Baird - SYW - Quote Image - “I left hell so I could come back and tell you all about it.”,https://drive.google.com/file/d/1CzIppLshLaArewO9VDRdBfZ7XSkP-6A_/view?usp=drivesdk,,,,QI,QI,,,,TRUE,,,5722,5722,4223,4223,1,,,,release_year,https://drive.google.com/file/d/1CzIppLshLaArewO9VDRdBfZ7XSkP-6A_/view?usp=drivesdk
,Blythe Baird,SYW,"Single, Young, & Worried",“GUILT DOESN’T LIVE HERE ANYMORE”,"“I’m going to take over the world in spite of everything that has been done to me & my body. in fact, I’m going to take over the world ‘because’ of everything that has been done to me & my body.”","Baird - SYW - Quote Image - “I’m going to take over the world in spite of everything that has been done to me & my body. in fact, I’m going to take over the world ‘because’ of everything that has been done to me & my body.”",https://drive.google.com/file/d/1ObMMaN2ztbxcib-2rmPRbw1QkFTnViFl/view?usp=drivesdk,,,,QI,QI,,,,FALSE,,,5728,5728,4237,4237,1,,,,release_year,https://drive.google.com/file/d/1ObMMaN2ztbxcib-2rmPRbw1QkFTnViFl/view?usp=drivesdk
,Blythe Baird,SYW,"Single, Young, & Worried",“GUILT DOESN’T LIVE HERE ANYMORE”,"“one day, the urge to write a poem became greater than the urge to write a suicide note. and so, I wrote the poem.”","Baird - SYW - Quote Image - “one day, the urge to write a poem became greater than the urge to write a suicide note. and so, I wrote the poem.”",https://drive.google.com/file/d/1TvfYPW0Jemh4avrYPvjGjYFFRyTprQSx/view?usp=drivesdk,,,,QI,QI,,,,FALSE,,,5729,5729,4238,4238,1,,,,release_year,https://drive.google.com/file/d/1TvfYPW0Jemh4avrYPvjGjYFFRyTprQSx/view?usp=drivesdk
,Blythe Baird,SYW,"Single, Young, & Worried",“GUILT DOESN’T LIVE HERE ANYMORE”,"“some days the only productive thing you did was breathe, but even when survival feels like a performance, it is still an art form.”","Baird - SYW - Quote Image - “some days the only productive thing you did was breathe, but even when survival feels like a performance, it is still an art form.”",https://drive.google.com/file/d/1PrKDd35PnNsh5wWBZsqXzpl4bkwqOMto/view?usp=drivesdk,,,,QI,QI,,,,FALSE,,,5730,5730,4239,4239,1,,,,release_year,https://drive.google.com/file/d/1PrKDd35PnNsh5wWBZsqXzpl4bkwqOMto/view?usp=drivesdk
,Blythe Baird,SYW,"Single, Young, & Worried",“GUILT DOESN’T LIVE HERE ANYMORE”,"“staying alive is a skill & you are so talented, you sweet girl.”","Baird - SYW - Quote Image - “staying alive is a skill & you are so talented, you sweet girl.”",https://drive.google.com/file/d/14L_ZmgsI9JdA5O1txCsvXglSjdzCweX-/view?usp=drivesdk,,,,QI,QI,,,,FALSE,,,5731,5731,4240,4240,1,,,,release_year,https://drive.google.com/file/d/14L_ZmgsI9JdA5O1txCsvXglSjdzCweX-/view?usp=drivesdk
,Blythe Baird,SYW,"Single, Young, & Worried",“GUILT DOESN’T LIVE HERE ANYMORE”,“you are worth so much more than sent emails & crossed off to-do lists.”,Baird - SYW - Quote Image - “you are worth so much more than sent emails & crossed off to-do lists.”,https://drive.google.com/file/d/1rDgV7C9qY_bCKZeuzcONlLIF0XVpghLu/view?usp=drivesdk,,,,QI,QI,,,,FALSE,,,5732,5732,4241,4241,1,,,,release_year,https://drive.google.com/file/d/1rDgV7C9qY_bCKZeuzcONlLIF0XVpghLu/view?usp=drivesdk
,Blythe Baird,SYW,"Single, Young, & Worried",“GUILT DOESN’T LIVE HERE ANYMORE”,"“You made it through, girl. You made it through every single time the world scratched and skid to an end. You woke up. Tomorrow shoved you out of bed.”","Baird - SYW - Quote Image - “You made it through, girl. You made it through every single time the world scratched and skid to an end. You woke up. Tomorrow shoved you out of bed.”",https://drive.google.com/file/d/10XqcAs3dNcvojP5ceHl9y1Orv9MDT9yd/view?usp=drivesdk,,,,QI,QI,,,,TRUE,,,5723,5723,4232,4232,1,,,,release_year,https://drive.google.com/file/d/10XqcAs3dNcvojP5ceHl9y1Orv9MDT9yd/view?usp=drivesdk
,Blythe Baird,SYW,"Single, Young, & Worried",“GUILT DOESN’T LIVE HERE ANYMORE”,"“You used to say you were sorry every other sentence, girl. And now people tell you that you make them feel powerful. And you always somehow forget the fact that you dragged yourself out of quicksand.”","Baird - SYW - Quote Image - “You used to say you were sorry every other sentence, girl. And now people tell you that you make them feel powerful. And you always somehow forget the fact that you dragged yourself out of quicksand.”",https://drive.google.com/file/d/1l3DOjOaTbWtkqwTNyBNZL-9sDL8VQR3o/view?usp=drivesdk,,,,QI,QI,,,,FALSE,,,5733,5733,4242,4242,1,,,,release_year,https://drive.google.com/file/d/1l3DOjOaTbWtkqwTNyBNZL-9sDL8VQR3o/view?usp=drivesdk
,Blythe Baird,SYW,"Single, Young, & Worried",“GUILTY BYSTANDER”,"“do I still have an eating disorder if I didn’t eat today but I didn’t torment the rolls piling up on my stomach, either?”","Baird - SYW - Quote Image - “do I still have an eating disorder if I didn’t eat today but I didn’t torment the rolls piling up on my stomach, either?”",https://drive.google.com/file/d/1qb3xlZY4mbD3hFBFZ0y2fQz6iYdSbYUl/view?usp=drivesdk,,,,QI,QI,,,,FALSE,,,5750,5750,4243,4243,1,,,,release_year,https://drive.google.com/file/d/1qb3xlZY4mbD3hFBFZ0y2fQz6iYdSbYUl/view?usp=drivesdk
,Blythe Baird,SYW,"Single, Young, & Worried",“HOSPITAL HIGH SCHOOL”,"“we talked about our anxieties and were met with true support, empathy, and the kind of validation that only self-identified fucked up teenagers can provide fellow self-identified fucked up teenagers”","Baird - SYW - Quote Image - “we talked about our anxieties and were met with true support, empathy, and the kind of validation that only self-identified fucked up teenagers can provide fellow self-identified fucked up teenagers”",https://drive.google.com/file/d/1KB4MqRlE8aBhyUez6CLbzgF6tQGrJWYn/view?usp=drivesdk,,,,QI,QI,,,,FALSE,,,5787,5787,4261,4261,1,,,,release_year,https://drive.google.com/file/d/1KB4MqRlE8aBhyUez6CLbzgF6tQGrJWYn/view?usp=drivesdk
,Blythe Baird,SYW,"Single, Young, & Worried",“HOW TO BECOME A DISNEY CHANNEL ORIGINAL STAR”,“I aspired to deteriorate in the same ways they did because I hoped this would bring me closer to understanding them.”,Baird - SYW - Quote Image - “I aspired to deteriorate in the same ways they did because I hoped this would bring me closer to understanding them.”,https://drive.google.com/file/d/1H79I06riqBC4A-btuO0yHMuQKFObuoQO/view?usp=drivesdk,,,,QI,QI,,,,FALSE,,,5792,5792,4263,4263,1,,,,release_year,https://drive.google.com/file/d/1H79I06riqBC4A-btuO0yHMuQKFObuoQO/view?usp=drivesdk
,Blythe Baird,SYW,"Single, Young, & Worried",“I PROMISE”,“the most miserable moments of my treatment were still sweeter than the greatest moments of my sickness.”,Baird - SYW - Quote Image - “the most miserable moments of my treatment were still sweeter than the greatest moments of my sickness.”,https://drive.google.com/file/d/1giYuNqg-fWa1MdEMrGt0lOfjPjdgUmtr/view?usp=drivesdk,,,,QI,QI,,,,FALSE,,,5818,5818,4279,4279,1,,,,release_year,https://drive.google.com/file/d/1giYuNqg-fWa1MdEMrGt0lOfjPjdgUmtr/view?usp=drivesdk
,Blythe Baird,SYW,"Single, Young, & Worried",“SAD GIRLS CLUB”,“how does anybody heal in a culture that glorifies self-hate?”,Baird - SYW - Quote Image - “how does anybody heal in a culture that glorifies self-hate?”,https://drive.google.com/file/d/1YgwNCUIXbg6RHQAcO0yYI4AGKe3zEpPM/view?usp=drivesdk,,,,QI,QI,,,,TRUE,,,5914,5914,4320,4320,1,,,,release_year,https://drive.google.com/file/d/1YgwNCUIXbg6RHQAcO0yYI4AGKe3zEpPM/view?usp=drivesdk
,Blythe Baird,SYW,"Single, Young, & Worried",“TAKING MY MOTHER TO A GAY BAR”,"“I have become the queen of brushing off others’ judgements, even if doing so has turned me into a girl made of dust.”","Baird - SYW - Quote Image - “I have become the queen of brushing off others’ judgements, even if doing so has turned me into a girl made of dust.”",https://drive.google.com/file/d/1YNJC9EVvZnIf35tYgfln-aIW7UNfI7m-/view?usp=drivesdk,,,,QI,QI,,,,FALSE,,,5984,5984,4346,4346,1,,,,release_year,https://drive.google.com/file/d/1YNJC9EVvZnIf35tYgfln-aIW7UNfI7m-/view?usp=drivesdk
,Blythe Baird,SYW,"Single, Young, & Worried",“TAKING MY MOTHER TO A GAY BAR”,"“I love my mom, though I am afraid my sexuality will always be a bullet point on the long list of things about me that my mother is disgusted by.”","Baird - SYW - Quote Image - “I love my mom, though I am afraid my sexuality will always be a bullet point on the long list of things about me that my mother is disgusted by.”",https://drive.google.com/file/d/15_SlipeziX1aPh-vBCiUi-ZY79ItVkgI/view?usp=drivesdk,,,,QI,QI,,,,FALSE,,,5985,5985,4353,4353,1,,,,release_year,https://drive.google.com/file/d/15_SlipeziX1aPh-vBCiUi-ZY79ItVkgI/view?usp=drivesdk
,Blythe Baird,SYW,"Single, Young, & Worried",“TELEPHONE”,"“before you became the tightrope of string shuttling messages between the two tin cans of your parents, you were a child.”","Baird - SYW - Quote Image - “before you became the tightrope of string shuttling messages between the two tin cans of your parents, you were a child.”",https://drive.google.com/file/d/1gUE2jkJzQ-saXL31B--8lNAQ5qE6DNCp/view?usp=drivesdk,,,,QI,QI,,,,FALSE,,,5999,5999,4360,4360,1,,,,release_year,https://drive.google.com/file/d/1gUE2jkJzQ-saXL31B--8lNAQ5qE6DNCp/view?usp=drivesdk
,Blythe Baird,SYW,"Single, Young, & Worried",“TELEPHONE”,“every kid who grew up as a splinter understands. not everyone is lucky enough to be born surrounded by something.”,Baird - SYW - Quote Image - “every kid who grew up as a splinter understands. not everyone is lucky enough to be born surrounded by something.”,https://drive.google.com/file/d/1SzlkMKZi5-nTae08NkDHjmHfnrRpl5Qo/view?usp=drivesdk,,,,QI,QI,,,,FALSE,,,6000,6000,4361,4361,1,,,,release_year,https://drive.google.com/file/d/1SzlkMKZi5-nTae08NkDHjmHfnrRpl5Qo/view?usp=drivesdk
,Blythe Baird,SYW,"Single, Young, & Worried",“THE MOST USELESS EMOTION”,“We obsess over shame (the most useless emotion I can think of).”,Baird - SYW - Quote Image - “We obsess over shame (the most useless emotion I can think of).”,https://drive.google.com/file/d/1Ft89fil6R85dHfYpeHYs2FcAdlHq2hd8/view?usp=drivesdk,,,,QI,QI,,,,FALSE,,,6076,6076,4405,4405,1,,,,release_year,https://drive.google.com/file/d/1Ft89fil6R85dHfYpeHYs2FcAdlHq2hd8/view?usp=drivesdk
,Blythe Baird,SYW,"Single, Young, & Worried",“THE NIGHTS I FELT IRIDESCENT”,“do whatever you can to avoid making your sadness into your aesthetic.”,Baird - SYW - Quote Image - “do whatever you can to avoid making your sadness into your aesthetic.”,https://drive.google.com/file/d/18J3RQG1Afpd1GTQtAMXVigln6teWLAfl/view?usp=drivesdk,,,,QI,QI,,,,TRUE,,,6083,6083,4409,4409,1,,,,release_year,https://drive.google.com/file/d/18J3RQG1Afpd1GTQtAMXVigln6teWLAfl/view?usp=drivesdk
,Blythe Baird,SYW,"Single, Young, & Worried",“THE NIGHTS I FELT IRIDESCENT”,“I still don’t know how to write about the things that didn’t hurt.”,Baird - SYW - Quote Image - “I still don’t know how to write about the things that didn’t hurt.”,https://drive.google.com/file/d/1O0jxoOm8oTgvIlzPPrv3A6xHpo941BSs/view?usp=drivesdk,,,,QI,QI,,,,FALSE,,,6085,6085,4407,4407,1,,,,release_year,https://drive.google.com/file/d/1O0jxoOm8oTgvIlzPPrv3A6xHpo941BSs/view?usp=drivesdk
,Blythe Baird,SYW,"Single, Young, & Worried",“THE NIGHTS I FELT IRIDESCENT”,"“if you attach too much of your identity to melancholy, it will be that much harder to learn your worth as something that lies outside the barrier of your suffering.”","Baird - SYW - Quote Image - “if you attach too much of your identity to melancholy, it will be that much harder to learn your worth as something that lies outside the barrier of your suffering.”",https://drive.google.com/file/d/1zQEtjgr81NIIzQiDpZc7AP0KhAoclUm1/view?usp=drivesdk,,,,QI,QI,,,,FALSE,,,6086,6086,4410,4410,1,,,,release_year,https://drive.google.com/file/d/1zQEtjgr81NIIzQiDpZc7AP0KhAoclUm1/view?usp=drivesdk
,Blythe Baird,SYW,"Single, Young, & Worried",“THE NIGHTS I FELT IRIDESCENT”,“why am I clawing through a haystack of old feelings just to find a needle of my delight?”,Baird - SYW - Quote Image - “why am I clawing through a haystack of old feelings just to find a needle of my delight?”,https://drive.google.com/file/d/164a6pjWBCDPxyoG3C8ohqjdnI2j8JJhR/view?usp=drivesdk,,,,QI,QI,,,,TRUE,,,6084,6084,4406,4406,1,,,,release_year,https://drive.google.com/file/d/164a6pjWBCDPxyoG3C8ohqjdnI2j8JJhR/view?usp=drivesdk
,Blythe Baird,SYW,"Single, Young, & Worried",“THE NIGHTS I FELT IRIDESCENT”,“why did I not allow myself to clutch the shooting stars of my happiness as tightly as the dissolving sea of my grief?”,Baird - SYW - Quote Image - “why did I not allow myself to clutch the shooting stars of my happiness as tightly as the dissolving sea of my grief?”,https://drive.google.com/file/d/1Of2ylhwyIF3H-TALW-e1xfHQOi9ov_Um/view?usp=drivesdk,,,,QI,QI,,,,TRUE,,,6098,6098,4408,4408,1,,,,release_year,https://drive.google.com/file/d/1Of2ylhwyIF3H-TALW-e1xfHQOi9ov_Um/view?usp=drivesdk
,Blythe Baird,SYW,"Single, Young, & Worried",“THE NIGHTS I FELT IRIDESCENT”,“why is there so little evidence of all the nights I felt iridescent?”,Baird - SYW - Quote Image - “why is there so little evidence of all the nights I felt iridescent?”,https://drive.google.com/file/d/1K7KyuX38F0-euSV24oT30af4bnh9ohJl/view?usp=drivesdk,,,,QI,QI,,,,FALSE,,,6087,6087,4411,4411,1,,,,release_year,https://drive.google.com/file/d/1K7KyuX38F0-euSV24oT30af4bnh9ohJl/view?usp=drivesdk
,Blythe Baird,SYW,"Single, Young, & Worried",“THE NIGHTS I FELT IRIDESCENT”,“you do not have to be a catastrophe to prove you are worth paying attention to.”,Baird - SYW - Quote Image - “you do not have to be a catastrophe to prove you are worth paying attention to.”,https://drive.google.com/file/d/1DYqH0q2EasxeYnroOV3cnj-R5Argigi0/view?usp=drivesdk,,,,QI,QI,,,,FALSE,,,6088,6088,4412,4412,1,,,,release_year,https://drive.google.com/file/d/1DYqH0q2EasxeYnroOV3cnj-R5Argigi0/view?usp=drivesdk
,Blythe Baird,SYW,"Single, Young, & Worried",“TO DEVOUR A SKY”,“please sit here with me & remember: we were sweet & young & worrying-ly brilliant.”,Baird - SYW - Quote Image - “please sit here with me & remember: we were sweet & young & worrying-ly brilliant.”,https://drive.google.com/file/d/1rSgxWPcUcIlsbdqZtO4k--9Ttlhoi-Ut/view?usp=drivesdk,,,,QI,QI,,,,FALSE,,,6146,6146,4432,4432,1,,,,release_year,https://drive.google.com/file/d/1rSgxWPcUcIlsbdqZtO4k--9Ttlhoi-Ut/view?usp=drivesdk
,Blythe Baird,SYW,"Single, Young, & Worried",“TO LOVE AN ARTIST”,“it is difficult for an artist to fall in love with another artist. we are both trying to capture the other. we both desperately want the other to hold still.”,Baird - SYW - Quote Image - “it is difficult for an artist to fall in love with another artist. we are both trying to capture the other. we both desperately want the other to hold still.”,https://drive.google.com/file/d/1cIAq7DDfOrsiDDQxZKKHxgQveMLcn9AC/view?usp=drivesdk,,,,QI,QI,,,,FALSE,,,6165,6165,4444,4444,1,,,,release_year,https://drive.google.com/file/d/1cIAq7DDfOrsiDDQxZKKHxgQveMLcn9AC/view?usp=drivesdk
,Blythe Baird,SYW,"Single, Young, & Worried",“WHAT A BODY INHERITS ‘after Hieu Minh Nguyen’”,“I blamed her for teaching me how to be cruel to my body because she let me watch her set fire to her own.”,Baird - SYW - Quote Image - “I blamed her for teaching me how to be cruel to my body because she let me watch her set fire to her own.”,https://drive.google.com/file/d/1Jo0xrbeYG-1ZYE3cKyUreAD-wqeDgq5E/view?usp=drivesdk,,,,QI,QI,,,,TRUE,,,6186,6186,4452,4452,1,,,,release_year,https://drive.google.com/file/d/1Jo0xrbeYG-1ZYE3cKyUreAD-wqeDgq5E/view?usp=drivesdk
,Blythe Baird,SYW,"Single, Young, & Worried",“WHAT A BODY INHERITS ‘after Hieu Minh Nguyen’”,“I gain twenty pounds and my mother becomes a migraine”,Baird - SYW - Quote Image - “I gain twenty pounds and my mother becomes a migraine”,https://drive.google.com/file/d/1kL43wugqVR1rBDoQrDfCDw7IuTlAalvR/view?usp=drivesdk,,,,QI,QI,,,,FALSE,,,6182,6182,4453,4453,1,,,,release_year,https://drive.google.com/file/d/1kL43wugqVR1rBDoQrDfCDw7IuTlAalvR/view?usp=drivesdk
,Blythe Baird,SYW,"Single, Young, & Worried",“WHAT A BODY INHERITS ‘after Hieu Minh Nguyen’”,"“If I invite her to give her endless well of grief a name, I am afraid it will be mine.”","Baird - SYW - Quote Image - “If I invite her to give her endless well of grief a name, I am afraid it will be mine.”",https://drive.google.com/file/d/1jWGPNcY46Sivws-IoL9HmPe9TmqsSXkt/view?usp=drivesdk,,,,QI,QI,,,,FALSE,,,6183,6183,4449,4449,1,,,,release_year,https://drive.google.com/file/d/1jWGPNcY46Sivws-IoL9HmPe9TmqsSXkt/view?usp=drivesdk
,Blythe Baird,SYW,"Single, Young, & Worried",“WHAT A BODY INHERITS ‘after Hieu Minh Nguyen’”,“My mother is the only person who has ever hated my body more than I do.”,Baird - SYW - Quote Image - “My mother is the only person who has ever hated my body more than I do.”,https://drive.google.com/file/d/1ci5toEKxdTdPLXbsJTgMaPt8E0zgXxQz/view?usp=drivesdk,,,,QI,QI,,,,FALSE,,,6181,6181,4454,4454,1,,,,release_year,https://drive.google.com/file/d/1ci5toEKxdTdPLXbsJTgMaPt8E0zgXxQz/view?usp=drivesdk
,Blythe Baird,SYW,"Single, Young, & Worried",“WHAT A BODY INHERITS ‘after Hieu Minh Nguyen’”,"“When she complains that she never wanted to be something for me to write about, I roll my eyes, I yank the yarn from her smile until she has no mouth.”","Baird - SYW - Quote Image - “When she complains that she never wanted to be something for me to write about, I roll my eyes, I yank the yarn from her smile until she has no mouth.”",https://drive.google.com/file/d/1kkCLp-wMAide1-PDLtiB4vewI2cSh_8_/view?usp=drivesdk,,,,QI,QI,,,,FALSE,,,6175,6175,4451,4451,1,,,,release_year,https://drive.google.com/file/d/1kkCLp-wMAide1-PDLtiB4vewI2cSh_8_/view?usp=drivesdk
,Blythe Baird,SYW,"Single, Young, & Worried",“WHAT IF I CARED FOR MY BODY”,“what if I cared for myself half as much as I care about what people think of me?”,Baird - SYW - Quote Image - “what if I cared for myself half as much as I care about what people think of me?”,https://drive.google.com/file/d/1fbAA8s8TAJLAzFeA3IuCtZ4qPoZ3oMs6/view?usp=drivesdk,,,,QI,QI,,,,TRUE,,,6206,6206,4469,4469,1,,,,release_year,https://drive.google.com/file/d/1fbAA8s8TAJLAzFeA3IuCtZ4qPoZ3oMs6/view?usp=drivesdk
,Blythe Baird,SYW,"Single, Young, & Worried",“WHAT IF I CARED FOR MY BODY”,"“what if, when I finally figure out who I am, I can’t stand her? harder to imagine: what if I loved her?”","Baird - SYW - Quote Image - “what if, when I finally figure out who I am, I can’t stand her? harder to imagine: what if I loved her?”",https://drive.google.com/file/d/12owka7SUkffbDGtfBDz_N47CRr-HY1HA/view?usp=drivesdk,,,,QI,QI,,,,FALSE,,,6204,6204,4468,4468,1,,,,release_year,https://drive.google.com/file/d/12owka7SUkffbDGtfBDz_N47CRr-HY1HA/view?usp=drivesdk
,Blythe Baird,SYW,"Single, Young, & Worried",“WHAT TO EXPECT WHEN YOU ARE NOT”,"“I am scared of being called out for how I can be unwaveringly pro-choice, yet still somehow have a mobile of regrets circling the crib above my own decisions.”","Baird - SYW - Quote Image - “I am scared of being called out for how I can be unwaveringly pro-choice, yet still somehow have a mobile of regrets circling the crib above my own decisions.”",https://drive.google.com/file/d/1NJ5q88dhWHbmjPl6KEecn-FcbXBWkV8A/view?usp=drivesdk,,,,QI,QI,,,,FALSE,,,6212,6212,4471,4471,1,,,,release_year,https://drive.google.com/file/d/1NJ5q88dhWHbmjPl6KEecn-FcbXBWkV8A/view?usp=drivesdk
,Blythe Baird,SYW,"Single, Young, & Worried",“WHAT TO EXPECT WHEN YOU ARE NOT”,“I’ve wanted to be an incredible mother for as long as I have feared being a regrettable daughter.”,Baird - SYW - Quote Image - “I’ve wanted to be an incredible mother for as long as I have feared being a regrettable daughter.”,https://drive.google.com/file/d/1P8jHrzJyNHtn9pgOuOr7Xg6NwElEGhSK/view?usp=drivesdk,,,,QI,QI,,,,FALSE,,,6213,6213,4470,4470,1,,,,release_year,https://drive.google.com/file/d/1P8jHrzJyNHtn9pgOuOr7Xg6NwElEGhSK/view?usp=drivesdk
,Blythe Baird,SYW,"Single, Young, & Worried",“‘WHAT WOULD IT LOOK LIKE IF YOU FORGAVE YOURSELF?’”,"“‘What would it look like if you forgave yourself?’ My therapist wants to know, but we only have six minutes left in our session.”","Baird - SYW - Quote Image - “‘What would it look like if you forgave yourself?’ My therapist wants to know, but we only have six minutes left in our session.”",https://drive.google.com/file/d/1l_FkRy-BVfrgAujlUFhVulx7LoaIaYPe/view?usp=drivesdk,,,,QI,QI,,,,FALSE,,,6216,6216,4473,4473,1,,,,release_year,https://drive.google.com/file/d/1l_FkRy-BVfrgAujlUFhVulx7LoaIaYPe/view?usp=drivesdk
,Carmela Martino,PBC,Poetry By Chance,What is means to forget,"""forgetting is a harbinger of death, bearing the image of my grandmother - her brown eyes blank, blanking - unable to remember my name.""",Martino-PBC-Quote images-What is means to forget-1.png,https://drive.google.com/file/d/1eEHoJVbEvioPWmEx77BOQJv-DE-4IlqT/view?usp=drivesdk,,,,QI,QI,,,,FALSE,,,7268,7268,5237,5237,1,,,,release_year,https://drive.google.com/file/d/1eEHoJVbEvioPWmEx77BOQJv-DE-4IlqT/view?usp=drivesdk
,Carmela Martino,PBC,Poetry By Chance,WHAT IT MEANS TO FORGET,"""forgetting is a gentle blessing
providing absolution
and forgiveness of sins.""","MALI, MARTINO - PBC - QUOTE IMAGES - WHAT IT MEANS - 1",https://drive.google.com/file/d/1f3KmaxEuYMUZ4FeqrAL3a4mVI1f91fzM/view?usp=drive_link,,,,QI,QI,,,,FALSE,,,7272,7272,5240,5240,1,,,,release_year,https://drive.google.com/file/d/1f3KmaxEuYMUZ4FeqrAL3a4mVI1f91fzM/view?usp=drive_link
,Claire Furlanetto,PBC,Poetry By Chance,TIME IS A BURNING CURSE,"""A curse of the body, a curse of the mind, the flames of the fire, our lives on the line. It heals all wounds but in the end takes us all, the subtle ticking of teh rise and the fall.""",FURLANETTO- PBCA - Quote Images - TIME IS A BURNING CURSE.png,https://drive.google.com/file/d/1jFt3AoswI7HIQ-efrS4w4qbVgp_uU3OB/view?usp=drivesdk,,,,QI,QI,,,,FALSE,,,8019,8019,5817,5817,1,,,,release_year,https://drive.google.com/file/d/1jFt3AoswI7HIQ-efrS4w4qbVgp_uU3OB/view?usp=drivesdk
,Claire Schwartz,BOUN,Bound,“behind the mechitza”,“does it matter whose limbs i unzip from mine in the morning so long as i have teeth to face the day?”,Claire - Bound - Quote Image - does it matter.png,https://drive.google.com/a/buttonpoetry.com/file/d/1KNt0hf394slN4k1HCz0FnXtPDK-kEmeA/view?usp=drivesdk,,,,QI,QI,,,,TRUE,,,8024,8024,5822,5822,1,,,,release_year,https://drive.google.com/a/buttonpoetry.com/file/d/1KNt0hf394slN4k1HCz0FnXtPDK-kEmeA/view?usp=drivesdk
,Claire Schwartz,BOUN,Bound,“behind the mechitza”,"“the day i learned you can drown by drinking too much water, i cried like i wanted to make something grow in a desert.”",Claire - Bound - Quote Image - the day.png,https://drive.google.com/a/buttonpoetry.com/file/d/1OiClTroGuEKJ3_s_Yw4lDY1hj7C_F6Ar/view?usp=drivesdk,,,,QI,QI,,,,FALSE,,,8025,8025,5823,5823,1,,,,release_year,https://drive.google.com/a/buttonpoetry.com/file/d/1OiClTroGuEKJ3_s_Yw4lDY1hj7C_F6Ar/view?usp=drivesdk
,Claire Schwartz,BOUN,Bound,“behind the mechitza”,“you have been chosen to carry the heaviest thing.”,Claire - Bound - Quote Image - you have been chosen.png,https://drive.google.com/a/buttonpoetry.com/file/d/1UAur0g2dGhxolC8E85CbZnmFsG0e7XZh/view?usp=drivesdk,,,,QI,QI,,,,TRUE,,,8039,8039,5826,5826,1,,,,release_year,https://drive.google.com/a/buttonpoetry.com/file/d/1UAur0g2dGhxolC8E85CbZnmFsG0e7XZh/view?usp=drivesdk
,Claire Schwartz,BOUN,Bound,“Birds”,"“Once, a woman fell in love with a bird. She spent her whole life removing power lines and painting glass doors. Stay with me. I just want us to see what we are crashing into.”",Claire - Bound - Quote Image - once a woman fell in love.png,https://drive.google.com/a/buttonpoetry.com/file/d/15ATwYsyMFpg2ikj5AeGe64Yv8mLanS0C/view?usp=drivesdk,,,,QI,QI,,,,TRUE,,,8040,8040,5829,5829,1,,,,release_year,https://drive.google.com/a/buttonpoetry.com/file/d/15ATwYsyMFpg2ikj5AeGe64Yv8mLanS0C/view?usp=drivesdk
,Claire Schwartz,BOUN,Bound,“Birds”,"“The day my grandmother fled her homeland, a thousand birds blackened the sky like night. That’s not true, but I never know what to say to call you close.”",Claire - Bound - Quote Image - the day my grandmother.png,https://drive.google.com/a/buttonpoetry.com/file/d/1rwOgGAILj5HCLKdpfD-yMNGEymhR8AE8/view?usp=drivesdk,,,,QI,QI,,,,FALSE,,,8041,8041,5830,5830,1,,,,release_year,https://drive.google.com/a/buttonpoetry.com/file/d/1rwOgGAILj5HCLKdpfD-yMNGEymhR8AE8/view?usp=drivesdk
,Claire Schwartz,BOUN,Bound,“Cross-Examination”,“What is a nation which does not save poetry? What is a poem but the gathering of lines? What is a line but people waiting? What is waiting but satisfaction suspended?”,Claire - Bound - Quote Image - what is a nation.png,https://drive.google.com/a/buttonpoetry.com/file/d/1ScpLM30Z5Zvd4x-1yy0-UEXD1ITkaxHA/view?usp=drivesdk,,,,QI,QI,,,,TRUE,,,8046,8046,5833,5833,1,,,,release_year,https://drive.google.com/a/buttonpoetry.com/file/d/1ScpLM30Z5Zvd4x-1yy0-UEXD1ITkaxHA/view?usp=drivesdk
,Claire Schwartz,BOUN,Bound,“distance is the primal fact”,“all day i make myself small and wait to come home to the only woman i let close enough to hurt when i retract from her touch.”,Claire - Bound - Quote Image - all day i make.png,https://drive.google.com/a/buttonpoetry.com/file/d/1SW_YSasYpc5uo8MfsY1PyKfm12YribIL/view?usp=drivesdk,,,,QI,QI,,,,TRUE,,,8056,8056,5841,5841,1,,,,release_year,https://drive.google.com/a/buttonpoetry.com/file/d/1SW_YSasYpc5uo8MfsY1PyKfm12YribIL/view?usp=drivesdk
,Claire Schwartz,BOUN,Bound,“distance is the primal fact”,"“i crave the desert lodged beneath my fingernails, the honest sun that pulls back my skin.”",Claire - Bound - Quote Image - i crave the desert.png,https://drive.google.com/a/buttonpoetry.com/file/d/1h_7ew2W7LBHfYpd8jHRnZ9tO3XRZOGIr/view?usp=drivesdk,,,,QI,QI,,,,FALSE,,,8066,8066,5843,5843,1,,,,release_year,https://drive.google.com/a/buttonpoetry.com/file/d/1h_7ew2W7LBHfYpd8jHRnZ9tO3XRZOGIr/view?usp=drivesdk
,Claire Schwartz,BOUN,Bound,“distance is the primal fact”,"“my lover’s body is a metronome. i listen as sleep portions her breath into something even, perfect. once again, i am held on the outside of time.”",Claire - Bound - Quote Image - my lover's body.png,https://drive.google.com/a/buttonpoetry.com/file/d/1DaRL7zsOgh_BXszzPQuJ5NzuyM5YwOlQ/view?usp=drivesdk,,,,QI,QI,,,,TRUE,,,8067,8067,5838,5838,1,,,,release_year,https://drive.google.com/a/buttonpoetry.com/file/d/1DaRL7zsOgh_BXszzPQuJ5NzuyM5YwOlQ/view?usp=drivesdk
,Claire Schwartz,BOUN,Bound,“distance is the primal fact”,“there are days i light myself on fire just to worship something glittering.”,Claire - Bound - Quote Image - there are days.png,https://drive.google.com/a/buttonpoetry.com/file/d/1ENBldt0kouPwIgUfWIep9f_Yhv4LRZOZ/view?usp=drivesdk,,,,QI,QI,,,,TRUE,,,8065,8065,5837,5837,1,,,,release_year,https://drive.google.com/a/buttonpoetry.com/file/d/1ENBldt0kouPwIgUfWIep9f_Yhv4LRZOZ/view?usp=drivesdk
,Claire Schwartz,BOUN,Bound,“for Mrs. Halachmi”,“how small and hinged these bones how they prick and break into a thousand stuttering wishes”,Claire - Bound - Quote Image - how small.png,https://drive.google.com/a/buttonpoetry.com/file/d/1LwzTDlQIU4BncEr6TMqyGfFibt7g0wul/view?usp=drivesdk,,,,QI,QI,,,,TRUE,,,8077,8077,5851,5851,1,,,,release_year,https://drive.google.com/a/buttonpoetry.com/file/d/1LwzTDlQIU4BncEr6TMqyGfFibt7g0wul/view?usp=drivesdk
,Claire Schwartz,BOUN,Bound,“for Mrs. Halachmi”,"“you take my hand, you whisper to me. on your vanishing tongue, a name we have no thing for”",Claire - Bound - Quote Image - you take my hand.png,https://drive.google.com/a/buttonpoetry.com/file/d/1qiWOolxAv4f2NfdkVfuzEx4PkTIf_iWN/view?usp=drivesdk,,,,QI,QI,,,,FALSE,,,8074,8074,5849,5849,1,,,,release_year,https://drive.google.com/a/buttonpoetry.com/file/d/1qiWOolxAv4f2NfdkVfuzEx4PkTIf_iWN/view?usp=drivesdk
,Claire Schwartz,BOUN,Bound,“looking at Chagall’s “I and the Village”,“Don’t you see that switch of hips? Don’t you see / that purple swagger? How could that be other // than the dance of a woman in love?”,Claire - Bound - Quote Image - don't you see.png,https://drive.google.com/a/buttonpoetry.com/file/d/1rpktYmnGPoMMwRTvYaYuCAFROgmESz5Y/view?usp=drivesdk,,,,QI,QI,,,,FALSE,,,8080,8080,5854,5854,1,,,,release_year,https://drive.google.com/a/buttonpoetry.com/file/d/1rpktYmnGPoMMwRTvYaYuCAFROgmESz5Y/view?usp=drivesdk
,Claire Schwartz,BOUN,Bound,“Self-Portrait with Lover and Country”,"“Like any good American, I am holding a pillow over History’s mouth while I guide your hand past my waistband.”",Claire - Bound - Quote Image - like any good american.png,https://drive.google.com/a/buttonpoetry.com/file/d/18IGsEU03pbQlB16SnCEnfoxEHy6GzI0U/view?usp=drivesdk,,,,QI,QI,,,,TRUE,,,8085,8085,5857,5857,1,,,,release_year,https://drive.google.com/a/buttonpoetry.com/file/d/18IGsEU03pbQlB16SnCEnfoxEHy6GzI0U/view?usp=drivesdk
,Claire Schwartz,BOUN,Bound,“Shards with Diffuse Light”,“Everyone who raised me has a string of numbers tattooed on their forearm. Or the ghost of a string of numbers.”,Claire - Bound - Quote Image - everyone who raised.png,https://drive.google.com/a/buttonpoetry.com/file/d/1-kWxSWHkb83BynnLX9YIGoXIes4s4EK9/view?usp=drivesdk,,,,QI,QI,,,,TRUE,,,8087,8087,5859,5859,1,,,,release_year,https://drive.google.com/a/buttonpoetry.com/file/d/1-kWxSWHkb83BynnLX9YIGoXIes4s4EK9/view?usp=drivesdk
,Claire Schwartz,BOUN,Bound,“Shards with Diffuse Light”,“I am always showing you my scars & hoarding my wettest wounds.”,Claire - Bound - Quote Image - i am always.png,https://drive.google.com/a/buttonpoetry.com/file/d/1XEvqHLpS6F8fvohy9E1OV2T2b8KSXei1/view?usp=drivesdk,,,,QI,QI,,,,FALSE,,,8096,8096,5865,5865,1,,,,release_year,https://drive.google.com/a/buttonpoetry.com/file/d/1XEvqHLpS6F8fvohy9E1OV2T2b8KSXei1/view?usp=drivesdk
,Claire Schwartz,BOUN,Bound,“Shards with Diffuse Light”,“I am forever disappointing you. I am always making your body into a door. Tell me a story of two bodies not threaded with violence.”,Claire - Bound - Quote Image - i am forever.png,https://drive.google.com/a/buttonpoetry.com/file/d/1J2Gn1U7-EwsvEh6DWB5zP7OyVKYHX-5X/view?usp=drivesdk,,,,QI,QI,,,,TRUE,,,8091,8091,5860,5860,1,,,,release_year,https://drive.google.com/a/buttonpoetry.com/file/d/1J2Gn1U7-EwsvEh6DWB5zP7OyVKYHX-5X/view?usp=drivesdk
,Claire Schwartz,BOUN,Bound,“Shards with Diffuse Light”,“I am scared to stop hurting. Is there another route back to you?”,Claire - Bound - Quote Image - i am scared.png,https://drive.google.com/a/buttonpoetry.com/file/d/1wFP6kVWpeUSh9o5JjFp9DFI-TRF_APmX/view?usp=drivesdk,,,,QI,QI,,,,TRUE,,,8090,8090,5861,5861,1,,,,release_year,https://drive.google.com/a/buttonpoetry.com/file/d/1wFP6kVWpeUSh9o5JjFp9DFI-TRF_APmX/view?usp=drivesdk
,Claire Schwartz,BOUN,Bound,“Shards with Diffuse Light”,"“Love is so embarrassing. I bled in your bed. I’m sorry. I have built you a shore with all my best words & still, the waves.”",Claire - Bound - Quote Image - love is so.png,https://drive.google.com/a/buttonpoetry.com/file/d/1fYHyYDdguADUN-UdCeUypGmeYuaf2IRA/view?usp=drivesdk,,,,QI,QI,,,,TRUE,,,8101,8101,5866,5866,1,,,,release_year,https://drive.google.com/a/buttonpoetry.com/file/d/1fYHyYDdguADUN-UdCeUypGmeYuaf2IRA/view?usp=drivesdk
,Claire Schwartz,BOUN,Bound,“Shards with Diffuse Light”,“White people go to protests & ask police for directions home.”,Claire - Bound - Quote Image - white people.png,https://drive.google.com/a/buttonpoetry.com/file/d/15IhXYPXSweG_u3tzdRA_oaVZcIsRkN0R/view?usp=drivesdk,,,,QI,QI,,,,TRUE,,,8092,8092,5862,5862,1,,,,release_year,https://drive.google.com/a/buttonpoetry.com/file/d/15IhXYPXSweG_u3tzdRA_oaVZcIsRkN0R/view?usp=drivesdk
,Claire Schwartz,BOUN,Bound,"“someday, i’ll love claire schwartz”","“you can still hear her name on your tongue, clean as the sound the axe makes, then muffled like the year between you is a closed door.”",Claire - Bound - Quote Image - you can still hear.png,https://drive.google.com/a/buttonpoetry.com/file/d/133QVXBQoemhOyTMPJezTQ0gBuAAm6fZr/view?usp=drivesdk,,,,QI,QI,,,,FALSE,,,8103,8103,5869,5869,1,,,,release_year,https://drive.google.com/a/buttonpoetry.com/file/d/133QVXBQoemhOyTMPJezTQ0gBuAAm6fZr/view?usp=drivesdk
,Claire Schwartz,BOUN,Bound,“the angel speaks to israel”,“there is no body untransformed under another’s desire.”,Claire - Bound - Quote Image - there is no body.png,https://drive.google.com/a/buttonpoetry.com/file/d/1wlBbsuhpoUloXcbsbosQvQBASRZ8EcE9/view?usp=drivesdk,,,,QI,QI,,,,TRUE,,,8109,8109,5875,5875,1,,,,release_year,https://drive.google.com/a/buttonpoetry.com/file/d/1wlBbsuhpoUloXcbsbosQvQBASRZ8EcE9/view?usp=drivesdk
,Claire Schwartz,BOUN,Bound,"“When I Press My Spine to the Dirt & My One Fisted Heart to the Open Ear of Night, I Can Hear It Rising Starward”","“Ode to the body which is not a tree, but which sometimes makes of itself shade & fruit.”",Claire - Bound - Quote Image - ode to the body.png,https://drive.google.com/a/buttonpoetry.com/file/d/1W14hwLeubFC0JpjL_r-aWJ-rfh9kqS6S/view?usp=drivesdk,,,,QI,QI,,,,FALSE,,,8112,8112,5819,5819,1,,,,release_year,https://drive.google.com/a/buttonpoetry.com/file/d/1W14hwLeubFC0JpjL_r-aWJ-rfh9kqS6S/view?usp=drivesdk
,Cristin O'Keefe Aptowicz,PBC,Poetry By Chance,THE BARTENDER,"""Oh love, your death has been an impossible experiment, showing every day how easily such wondrous and mysterious gifts can just disapear""",CRISTINE O'KEEFE APTOWICZ - PBC - Quote Images - THE BARTENDER - 1.png,https://drive.google.com/file/d/13hl31qLQ78N-smQvBK_RuDo0eCQG--_v/view?usp=drivesdk,,,,QI,QI,,,,FALSE,,,8330,8330,6045,6045,1,,,,release_year,https://drive.google.com/file/d/13hl31qLQ78N-smQvBK_RuDo0eCQG--_v/view?usp=drivesdk
,DeShara Suggs-Joe,IMFB,,"Paradigms in Heaven, Part 2","""What if I’m blocking my blessings by choosing to stay? / What if all my people aren’t allowed in? / What if the blessing is when Jesus doesn’t answer the call?""","SUGGS-JOE - IMFB - Quote Images - Paradigms in Heaven, Part 2 - 16.png",https://drive.google.com/file/d/1LBs720KYSLfk-XgGfrQht-Qc4lBkP_Mq/view?usp=drivesdk,,,,QI,QI,,,Y,FALSE,,,10320,10320,7475,7475,1,,,Y,"release_year, book_title",https://drive.google.com/file/d/1LBs720KYSLfk-XgGfrQht-Qc4lBkP_Mq/view?usp=drivesdk
,Eleanor Coughlin,PBC,Poetry By Chance,MY SOUL IS A BROKEN EXPERIMENT,"""my soul is a broken experiment made up of other failed tests tired throughout my life""",ELEANOR COUGHLIN - PBC - Quote Images - MY SOUL IS A BROKEN EXPERIMENT - 1.png,https://drive.google.com/file/d/13hH-OvPHNdcBVn4cZgW-wFsT1URoF2zL/view?usp=drivesdk,,,,QI,QI,,,,FALSE,,,12842,12842,9167,9167,1,,,,release_year,https://drive.google.com/file/d/13hH-OvPHNdcBVn4cZgW-wFsT1URoF2zL/view?usp=drivesdk
,Emily Sun Li,PBC,Poetry By Chance,I AM HEADING NORTH TO FORGET YOU,"""under the frostbitten sky and the
watchful shadows of skeleton pine trees,
I will exhale you like smoke.""","MALI, LI - PBC - QUOTE IMAGES - HEADING NORTH - 1",https://drive.google.com/file/d/1jstTuhdA9pz-0l7ruCe_sHKHgch0M1LW/view?usp=drive_link,,,,QI,QI,,,,FALSE,,,13156,13156,9399,9399,1,,,,release_year,https://drive.google.com/file/d/1jstTuhdA9pz-0l7ruCe_sHKHgch0M1LW/view?usp=drive_link
,Erica Abbott,PBC,Poetry By Chance,POEM IN WHICH TRAGEDY UNLEARNS MY NAME,"""Last time I stepped into the ocean, I nearly vertigoed into a sun-spot.""",ABBOTT-PBCA-Quote Images- POEM IN WHICH TRAGEDY UNLEARNS MY NAME- 4.png,https://drive.google.com/file/d/1Tyj-E88EnbBPM4rkq6AFNJjJTkkb4Mew/view?usp=drivesdk,,,,QI,QI,,,,FALSE,,,13466,13466,9651,9651,1,,,,release_year,https://drive.google.com/file/d/1Tyj-E88EnbBPM4rkq6AFNJjJTkkb4Mew/view?usp=drivesdk
,Erica Abbott,PBC,Poetry By Chance,POEM IN WHICH TRAGEDY UNLEARNS MY NAME,"""Last time I stepped into the ocean, I nearly vertigoed into a sun-spot.""",ABOTT - PBCA - Quote Images - POEM IN WHICH TRAGEDY UNLEARNS MY NAME - 3.png,https://drive.google.com/file/d/11CS882e9kDcYBLMWMvEDR645FG6yLWeM/view?usp=drivesdk,,,,QI,QI,,,,FALSE,,,13467,13467,9651,9651,1,,,,release_year,https://drive.google.com/file/d/11CS882e9kDcYBLMWMvEDR645FG6yLWeM/view?usp=drivesdk
,FAITH MANARY,PBC,Poetry By Chance,MY GUILT IS A GLORIFIED TROPHY,"""My guilt is a glorified trophy I keep it up high on my shelf I sometimes pretend to ignore it but I'm proud that I earned it myself""",MANARY - PBCA - Quote Images - MY GUILT IS A GLORIFIED TROPHY - 8.png,https://drive.google.com/file/d/1IPR1uvmhcSNq4BdT4KNuDHIhT2r0twfU/view?usp=drivesdk,,,,QI,QI,,,,FALSE,,,13603,13603,9745,9745,1,,,,release_year,https://drive.google.com/file/d/1IPR1uvmhcSNq4BdT4KNuDHIhT2r0twfU/view?usp=drivesdk
,Hanif Abdurraqib,TCAW,Bloodfresh,"Ode To Drake, Ending With Blood In A Field","""its taste / still in our mouths / & that'll do 'til / our lovers come back / or 'til we find one / who will take us / despite our flaws""","ABDURRAQIB - TCAW - Quote Images - Ode To Drake, Ending With Blood In A Field - 6.png",https://drive.google.com/file/d/1qNkJHhp_17SA3AoNpc_EdBjCTe84soc3/view?usp=drivesdk,,,,QI,QI,,,,FALSE,,,15555,15555,11213,11213,1,,,,release_year,https://drive.google.com/file/d/1qNkJHhp_17SA3AoNpc_EdBjCTe84soc3/view?usp=drivesdk
,Hanif Abdurraqib,TCAW,Bloodfresh,"“At My First Punk Show Ever, 1998""",“& ain’t all blood the same when bodies get hurled like they in a cheap amusement park ride”,Hanif Abdurraqib - The Crown Ain’t Worth Much - & ain’t all blood.png,https://drive.google.com/a/buttonpoetry.com/file/d/0B_-uqSs_rEYCV3hmMWVRUDZtYkU/view?usp=drivesdk,,,,QI,QI,,,,FALSE,,,15339,15339,11084,11084,1,,,,release_year,https://drive.google.com/a/buttonpoetry.com/file/d/0B_-uqSs_rEYCV3hmMWVRUDZtYkU/view?usp=drivesdk
,Heidi Mordhorst,PBC,Poetry By Chance,YOU HAVE TO,"""Play, even when your palms on the skin of the drum and dry cracked or clammy and sweating, and you think no one, no one is listening.""",HEIDI MORDHORST - PBC - Quote Images - YOU HAVE TO - 1.png,https://drive.google.com/file/d/17PDz16HL5jCmc7M6a0NOdtcBP7MiDgSQ/view?usp=drivesdk,,,,QI,QI,,,,FALSE,,,16146,16146,11577,11577,1,,,,release_year,https://drive.google.com/file/d/17PDz16HL5jCmc7M6a0NOdtcBP7MiDgSQ/view?usp=drivesdk
,Heidi Mordhorst,PBC,Poetry By Chance,YOU HAVE TO,"""beat the well-worn drum beauty, even when you're out of time and everything you make feels slight or trite or insufficient to the moment.""",MORDHOST- PBCA - Quote Images - YOU HAVE TO.png,https://drive.google.com/file/d/1B9n6NP1H2kasub4_f5-boSN3LJlXTsR3/view?usp=drivesdk,,,,QI,QI,,,,FALSE,,,16148,16148,11579,11579,1,,,,release_year,https://drive.google.com/file/d/1B9n6NP1H2kasub4_f5-boSN3LJlXTsR3/view?usp=drivesdk
,Isaiah Griffith,PBC,Poetry By Chance,ADHD,"""My thoughts are a sideshow, forgettable and intrusive, forever infamous and elusive.""",Griffith - PBCA - Quote Images - ADHD - 5.png,https://drive.google.com/file/d/1xMJXewLX7uAX5AjG0rN-S4BiDI7jszNg/view?usp=drivesdk,,,,QI,QI,,,,FALSE,,,16459,16459,11796,11796,1,,,,release_year,https://drive.google.com/file/d/1xMJXewLX7uAX5AjG0rN-S4BiDI7jszNg/view?usp=drivesdk
,Jared Singer,FYTT,Forgive Yourself These Tiny Acts of Self-Destruction,“A Letter to Sarah Contemplating Superpowers”,“I would go back to the moment before you became the reason I don’t read letters without having someone else proofread them first.”,Singer - FYTTAOSD - Quote Image - I would go back.png,https://drive.google.com/a/buttonpoetry.com/file/d/1xz-9pC9A6FhrOLtzEBVSGn75PJbZULGt/view?usp=drivesdk,,,,QI,QI,,,,FALSE,,,17190,17190,12345,12345,1,,,,release_year,https://drive.google.com/a/buttonpoetry.com/file/d/1xz-9pC9A6FhrOLtzEBVSGn75PJbZULGt/view?usp=drivesdk
,Jared Singer,FYTT,Forgive Yourself These Tiny Acts of Self-Destruction,“Advice from My Inner Punk Rock We Should All Take”,"“Prove to yourself you have a voice, then find a good use for it.”",Singer - FYTTAOSD - Quote Image - Prove to yourself.png,https://drive.google.com/a/buttonpoetry.com/file/d/1tfxNEixS-E2dRTe16dME-Ur8Hp6n4F78/view?usp=drivesdk,,,,QI,QI,,,,FALSE,,,17205,17205,12354,12354,1,,,,release_year,https://drive.google.com/a/buttonpoetry.com/file/d/1tfxNEixS-E2dRTe16dME-Ur8Hp6n4F78/view?usp=drivesdk
,Jared Singer,FYTT,Forgive Yourself These Tiny Acts of Self-Destruction,“Advice from My Inner Punk Rock We Should All Take”,“We are all both the fury and the stillness. To break is human. To roar is human. But to never stop is the holy in all of us.”,Singer - FYTTAOSD - Quote Image - We are all both.png,https://drive.google.com/a/buttonpoetry.com/file/d/1fj1P5QgOQHBo7UdpmntqSeJYz-hgEQVl/view?usp=drivesdk,,,,QI,QI,,,,FALSE,,,17202,17202,12353,12353,1,,,,release_year,https://drive.google.com/a/buttonpoetry.com/file/d/1fj1P5QgOQHBo7UdpmntqSeJYz-hgEQVl/view?usp=drivesdk
,Jared Singer,FYTT,Forgive Yourself These Tiny Acts of Self-Destruction,“Advice from My Inner Punk Rock We Should All Take”,“We were given two lungs and only one heart. This is a rare opportunity to let the truth do the work of the metaphor.”,Singer - FYTTAOSD - Quote Image - We were given.png,https://drive.google.com/a/buttonpoetry.com/file/d/1J2EhRRyeY2JHQGW51Rq6ZsbilqrDMI8n/view?usp=drivesdk,,,,QI,QI,,,,TRUE,,,17203,17203,12355,12355,1,,,,release_year,https://drive.google.com/a/buttonpoetry.com/file/d/1J2EhRRyeY2JHQGW51Rq6ZsbilqrDMI8n/view?usp=drivesdk
,Jared Singer,FYTT,Forgive Yourself These Tiny Acts of Self-Destruction,“Advice from My Inner Punk Rock We Should All Take”,"“When they tell you you are too loud, smile, dig deep, and show them the true meaning of volume.”",Singer - FYTTAOSD - Quote Image - When they tell you.png,https://drive.google.com/a/buttonpoetry.com/file/d/1B-1LWSAADXHOTMZaLCTqqtMJbQiH0kr_/view?usp=drivesdk,,,,QI,QI,,,,FALSE,,,17204,17204,12351,12351,1,,,,release_year,https://drive.google.com/a/buttonpoetry.com/file/d/1B-1LWSAADXHOTMZaLCTqqtMJbQiH0kr_/view?usp=drivesdk
,Jared Singer,FYTT,Forgive Yourself These Tiny Acts of Self-Destruction,“An Autobiography”,"“One day, she will leave him because feeling special isn’t as important as feeling loved.”","Singer - FYTTAOSD - Quote Image - One day, she.png",https://drive.google.com/a/buttonpoetry.com/file/d/1pg3eyAhvAfASneRNDV_VzsLMOssRdW5V/view?usp=drivesdk,,,,QI,QI,,,,FALSE,,,17215,17215,12361,12361,1,,,,release_year,https://drive.google.com/a/buttonpoetry.com/file/d/1pg3eyAhvAfASneRNDV_VzsLMOssRdW5V/view?usp=drivesdk
,Jared Singer,FYTT,Forgive Yourself These Tiny Acts of Self-Destruction,“An Autobiography”,“The boy who wears his comic books like armor is not a good lover. The way he barely touches her makes her feel unattractive. Like he is only doing this because she wants him to. This could not be further from the truth. He is simply treating her like the only thing that has ever been this important to him before: comic books.”,Singer - FYTTAOSD - Quote Image - The boy who.png,https://drive.google.com/a/buttonpoetry.com/file/d/1n-pMWI6_gxOqYE3jY9vcpFHf6hNE7-pp/view?usp=drivesdk,,,,QI,QI,,,,TRUE,,,17216,17216,12357,12357,1,,,,release_year,https://drive.google.com/a/buttonpoetry.com/file/d/1n-pMWI6_gxOqYE3jY9vcpFHf6hNE7-pp/view?usp=drivesdk
,Jared Singer,FYTT,Forgive Yourself These Tiny Acts of Self-Destruction,“ASL”,"“I don’t know if there is a sign for missing yourself, for missing who you used to be. But if I don’t learn to use my words more openly, more honestly, I am going to need one.”",Singer - FYTTAOSD - Quote Image - I don't know if there.png,https://drive.google.com/a/buttonpoetry.com/file/d/14W6YOGx69bu07wytP8axLXBKCFXTB_5Q/view?usp=drivesdk,,,,QI,QI,,,,FALSE,,,17239,17239,12380,12380,1,,,,release_year,https://drive.google.com/a/buttonpoetry.com/file/d/14W6YOGx69bu07wytP8axLXBKCFXTB_5Q/view?usp=drivesdk
,Jared Singer,FYTT,Forgive Yourself These Tiny Acts of Self-Destruction,“ASL”,“I used to think this is what made me special; now I worry that I have learned to manipulate words so well that even I can’t tell when I am lying.”,Singer - FYTTAOSD - Quote Image - I used to think this.png,https://drive.google.com/a/buttonpoetry.com/file/d/1r69CuDmIK9C6e55XWqz5jCT6HWvgi0F1/view?usp=drivesdk,,,,QI,QI,,,,FALSE,,,17235,17235,12379,12379,1,,,,release_year,https://drive.google.com/a/buttonpoetry.com/file/d/1r69CuDmIK9C6e55XWqz5jCT6HWvgi0F1/view?usp=drivesdk
,Jared Singer,FYTT,Forgive Yourself These Tiny Acts of Self-Destruction,“Beekeeper”,“I don’t know if your story was true—you are the only person whose facts I never bothered to check.”,Singer - FYTTAOSD - Quote Image - I don't know if your.png,https://drive.google.com/a/buttonpoetry.com/file/d/1FrMPZ_zxNwMpQtW2g0qzjWi3b72fdw3k/view?usp=drivesdk,,,,QI,QI,,,,FALSE,,,17240,17240,12382,12382,1,,,,release_year,https://drive.google.com/a/buttonpoetry.com/file/d/1FrMPZ_zxNwMpQtW2g0qzjWi3b72fdw3k/view?usp=drivesdk
,Jared Singer,FYTT,Forgive Yourself These Tiny Acts of Self-Destruction,“Beer”,"“When the time finally comes to say goodbye to me for the last time, don’t hurt yourself trying to sum up everything you want to say.”",Singer - FYTTAOSD - Quote Image - When the time finally.png,https://drive.google.com/a/buttonpoetry.com/file/d/1z4V9MrBbuD-gkHUoo4m_YPULi6qm7A9h/view?usp=drivesdk,,,,QI,QI,,,,FALSE,,,17247,17247,12387,12387,1,,,,release_year,https://drive.google.com/a/buttonpoetry.com/file/d/1z4V9MrBbuD-gkHUoo4m_YPULi6qm7A9h/view?usp=drivesdk
,Jared Singer,FYTT,Forgive Yourself These Tiny Acts of Self-Destruction,“Being Jewish Means Always Being Too Much or Not Enough 1”,"“It’s the 4th of July, a day meant to celebrate freedom and tolerance in a country that seems to have forgotten both.”",Singer - FYTTAOSD - Quote Image - It's the 4th.png,https://drive.google.com/a/buttonpoetry.com/file/d/1JC6YebL2LFRaaCw5-HCr87yhGUafO_TB/view?usp=drivesdk,,,,QI,QI,,,,FALSE,,,17257,17257,12395,12395,1,,,,release_year,https://drive.google.com/a/buttonpoetry.com/file/d/1JC6YebL2LFRaaCw5-HCr87yhGUafO_TB/view?usp=drivesdk
,Jared Singer,FYTT,Forgive Yourself These Tiny Acts of Self-Destruction,“Exchange Rates 2”,“How much did I sacrifice for all my second chances?”,Singer - FYTTAOSD - Quote Image - How much did I.png,https://drive.google.com/a/buttonpoetry.com/file/d/1rCuLCKKzQDYTSB12nMJYJ2JRu-QomNbh/view?usp=drivesdk,,,,QI,QI,,,,TRUE,,,17301,17301,12412,12412,1,,,,release_year,https://drive.google.com/a/buttonpoetry.com/file/d/1rCuLCKKzQDYTSB12nMJYJ2JRu-QomNbh/view?usp=drivesdk
,Jared Singer,FYTT,Forgive Yourself These Tiny Acts of Self-Destruction,“Exchange Rates 2”,"“I had not yet learned the magic of steel, did not yet know how everything echoes in here, had not learned the different sound my bones make after failure and success.”",Singer - FYTTAOSD - Quote Image - I had not yet.png,https://drive.google.com/a/buttonpoetry.com/file/d/1AoK9mQVnoPHetaJ7S4p3i-qPDBON_a_3/view?usp=drivesdk,,,,QI,QI,,,,TRUE,,,17293,17293,12409,12409,1,,,,release_year,https://drive.google.com/a/buttonpoetry.com/file/d/1AoK9mQVnoPHetaJ7S4p3i-qPDBON_a_3/view?usp=drivesdk
,Jared Singer,FYTT,Forgive Yourself These Tiny Acts of Self-Destruction,“Exchange Rates 2”,"“I thought being hard to hold was always a fault. When I finally melt, I fit perfectly.”",Singer - FYTTAOSD - Quote Image - I thought being hard.png,https://drive.google.com/a/buttonpoetry.com/file/d/1w0lceP7__6SPn_Wgzl6k0sO2pKJU7Zz4/view?usp=drivesdk,,,,QI,QI,,,,FALSE,,,17294,17294,12410,12410,1,,,,release_year,https://drive.google.com/a/buttonpoetry.com/file/d/1w0lceP7__6SPn_Wgzl6k0sO2pKJU7Zz4/view?usp=drivesdk
,Jared Singer,FYTT,Forgive Yourself These Tiny Acts of Self-Destruction,“Exchange Rates 2”,“I will not fall when leaned on.”,Singer - FYTTAOSD - Quote Image - I will not fall.png,https://drive.google.com/a/buttonpoetry.com/file/d/1ky1loGWSUVBCynhRFnosts1VzV7sEYTB/view?usp=drivesdk,,,,QI,QI,,,,FALSE,,,17295,17295,12411,12411,1,,,,release_year,https://drive.google.com/a/buttonpoetry.com/file/d/1ky1loGWSUVBCynhRFnosts1VzV7sEYTB/view?usp=drivesdk
,Jared Singer,FYTT,Forgive Yourself These Tiny Acts of Self-Destruction,“Exchange Rates”,“I am not a great beauty. I will never be a mighty warrior or a masterful sage.”,Singer - FYTTAOSD - Quote Image - I am not a great.png,https://drive.google.com/a/buttonpoetry.com/file/d/1uyagWBkXu61yWCTaTqH3PiVSazmzLdp3/view?usp=drivesdk,,,,QI,QI,,,,FALSE,,,17289,17289,12402,12402,1,,,,release_year,https://drive.google.com/a/buttonpoetry.com/file/d/1uyagWBkXu61yWCTaTqH3PiVSazmzLdp3/view?usp=drivesdk
,Jared Singer,FYTT,Forgive Yourself These Tiny Acts of Self-Destruction,“Exchange Rates”,“I don’t want to have to try so hard for so little forever.”,Singer - FYTTAOSD - Quote Image - I don't want to have.png,https://drive.google.com/a/buttonpoetry.com/file/d/1KSGY4V6b993xFwOF3-sZ747DM2irFlFc/view?usp=drivesdk,,,,QI,QI,,,,FALSE,,,17285,17285,12405,12405,1,,,,release_year,https://drive.google.com/a/buttonpoetry.com/file/d/1KSGY4V6b993xFwOF3-sZ747DM2irFlFc/view?usp=drivesdk
,Jared Singer,FYTT,Forgive Yourself These Tiny Acts of Self-Destruction,“Exchange Rates”,"“I used to be able to sing, but I traded in my last gasp of magic for the gravel in my throat, for the steel in my belly.”",Singer - FYTTAOSD - Quote Image - I used to be able.png,https://drive.google.com/a/buttonpoetry.com/file/d/1rmB9rvNPrTO40uy2st7EgpY3UzVDNqWK/view?usp=drivesdk,,,,QI,QI,,,,FALSE,,,17283,17283,12404,12404,1,,,,release_year,https://drive.google.com/a/buttonpoetry.com/file/d/1rmB9rvNPrTO40uy2st7EgpY3UzVDNqWK/view?usp=drivesdk
,Jared Singer,FYTT,Forgive Yourself These Tiny Acts of Self-Destruction,“Exchange Rates”,"“Is it possible to trade back in, to give up this steel for something softer, something easier to hold?”",Singer - FYTTAOSD - Quote Image - Is it possible.png,https://drive.google.com/a/buttonpoetry.com/file/d/1jOeEb4eGLCQtr5xoa628Z88R0HR17Tq4/view?usp=drivesdk,,,,QI,QI,,,,FALSE,,,17287,17287,12406,12406,1,,,,release_year,https://drive.google.com/a/buttonpoetry.com/file/d/1jOeEb4eGLCQtr5xoa628Z88R0HR17Tq4/view?usp=drivesdk
,Jared Singer,FYTT,Forgive Yourself These Tiny Acts of Self-Destruction,“Exchange Rates”,“There is an absolute limit to human potential. Nothing can be gained without equal sacrifice.”,Singer - FYTTAOSD - Quote Image - There is an absolute.png,https://drive.google.com/a/buttonpoetry.com/file/d/1Go_593r8I66dxJoc2YeZGlcnzLSlxq4P/view?usp=drivesdk,,,,QI,QI,,,,FALSE,,,17288,17288,12407,12407,1,,,,release_year,https://drive.google.com/a/buttonpoetry.com/file/d/1Go_593r8I66dxJoc2YeZGlcnzLSlxq4P/view?usp=drivesdk
,Jared Singer,FYTT,Forgive Yourself These Tiny Acts of Self-Destruction,“First Kiss Magic”,"“I feel like Peter Pan some days. I know it’s impossible, but I believe even this body can fly—like every broken bone, every bruise, is a feather.”",Singer - FYTTAOSD - Quote Image - I feel like Peter.png,https://drive.google.com/a/buttonpoetry.com/file/d/1DakzTn1BZCLv0U3Xov9QnkEoLTGmxJnf/view?usp=drivesdk,,,,QI,QI,,,,FALSE,,,17321,17321,12431,12431,1,,,,release_year,https://drive.google.com/a/buttonpoetry.com/file/d/1DakzTn1BZCLv0U3Xov9QnkEoLTGmxJnf/view?usp=drivesdk
,Jared Singer,FYTT,Forgive Yourself These Tiny Acts of Self-Destruction,“First Kiss Magic”,“I have always found it easier to believe in broken teeth than love.”,Singer - FYTTAOSD - Quote Image - I have always found.png,https://drive.google.com/a/buttonpoetry.com/file/d/1p2rUlWzANPpHiV53OqV5jiQbJ2JY3Jyk/view?usp=drivesdk,,,,QI,QI,,,,FALSE,,,17318,17318,12428,12428,1,,,,release_year,https://drive.google.com/a/buttonpoetry.com/file/d/1p2rUlWzANPpHiV53OqV5jiQbJ2JY3Jyk/view?usp=drivesdk
,Jared Singer,FYTT,Forgive Yourself These Tiny Acts of Self-Destruction,“First Kiss Magic”,"“If they had told the story right, Captain Hook would not have been an old man, simply a mirror. Nothing can take away our will to fly faster than we can.”",Singer - FYTTAOSD - Quote Image - If they had told.png,https://drive.google.com/a/buttonpoetry.com/file/d/19gA_KA9ly-1s93nDz-Zu5r5ck930UBi3/view?usp=drivesdk,,,,QI,QI,,,,FALSE,,,17324,17324,12430,12430,1,,,,release_year,https://drive.google.com/a/buttonpoetry.com/file/d/19gA_KA9ly-1s93nDz-Zu5r5ck930UBi3/view?usp=drivesdk
,Jared Singer,FYTT,Forgive Yourself These Tiny Acts of Self-Destruction,“Growing Old”,“I want to be just a little less me so we can have a little more time.”,Singer - FYTTAOSD - Quote Image - I want to be just.png,https://drive.google.com/a/buttonpoetry.com/file/d/1dUIKhSQ_MaxDrv1vN14OpAg_PA6laMJw/view?usp=drivesdk,,,,QI,QI,,,,FALSE,,,17332,17332,12432,12432,1,,,,release_year,https://drive.google.com/a/buttonpoetry.com/file/d/1dUIKhSQ_MaxDrv1vN14OpAg_PA6laMJw/view?usp=drivesdk
,Jared Singer,FYTT,Forgive Yourself These Tiny Acts of Self-Destruction,“Hardest Thing”,“All your happy daydreams seem tiny and all your nightmares huge.”,Singer - FYTTAOSD - Quote Image - All your happy.png,https://drive.google.com/a/buttonpoetry.com/file/d/1N11scNGVLkyle_0OiyjuZboCxLV7EKZF/view?usp=drivesdk,,,,QI,QI,,,,FALSE,,,17336,17336,12438,12438,1,,,,release_year,https://drive.google.com/a/buttonpoetry.com/file/d/1N11scNGVLkyle_0OiyjuZboCxLV7EKZF/view?usp=drivesdk
,Jared Singer,FYTT,Forgive Yourself These Tiny Acts of Self-Destruction,“Hardest Thing”,“Keep doing tiny things until the world is a slightly less dark place.”,Singer - FYTTAOSD - Quote Image - Keep doing tiny.png,https://drive.google.com/a/buttonpoetry.com/file/d/148DOIA9p0Z1BKhNUseOASsPZ4PiFvLNj/view?usp=drivesdk,,,,QI,QI,,,,TRUE,,,17341,17341,12442,12442,1,,,,release_year,https://drive.google.com/a/buttonpoetry.com/file/d/148DOIA9p0Z1BKhNUseOASsPZ4PiFvLNj/view?usp=drivesdk
,Jared Singer,FYTT,Forgive Yourself These Tiny Acts of Self-Destruction,“Hardest Thing”,“Taking a shower is a miracle. Laughing is a miracle. Being here is a miracle.”,Singer - FYTTAOSD - Quote Image - Taking a shower.png,https://drive.google.com/a/buttonpoetry.com/file/d/1abVO14koI41drCITRwRNrYTzqTLATsKk/view?usp=drivesdk,,,,QI,QI,,,,TRUE,,,17337,17337,12439,12439,1,,,,release_year,https://drive.google.com/a/buttonpoetry.com/file/d/1abVO14koI41drCITRwRNrYTzqTLATsKk/view?usp=drivesdk
,Jared Singer,FYTT,Forgive Yourself These Tiny Acts of Self-Destruction,“Hero”,"“The difference between a good man and a great one is the ability to be crying and still proud, to be out of breath, unable to make a sound and still know you are all song.”",Singer - FYTTAOSD - Quote Image - The difference between.png,https://drive.google.com/a/buttonpoetry.com/file/d/1IblyqoQZxjOkd33_Kua-ShdYzKwwwQPP/view?usp=drivesdk,,,,QI,QI,,,,FALSE,,,17346,17346,12445,12445,1,,,,release_year,https://drive.google.com/a/buttonpoetry.com/file/d/1IblyqoQZxjOkd33_Kua-ShdYzKwwwQPP/view?usp=drivesdk
,Jared Singer,FYTT,Forgive Yourself These Tiny Acts of Self-Destruction,“Hometown”,“I only go back to where I was raised to celebrate or mourn. It is getting hard to tell the difference between funerals and weddings.”,Singer - FYTTAOSD - Quote Image - I only go back.png,https://drive.google.com/a/buttonpoetry.com/file/d/1NVUN34Lm7o8vwETDfHtpbuwYNQ3q1dOJ/view?usp=drivesdk,,,,QI,QI,,,,FALSE,,,17349,17349,12447,12447,1,,,,release_year,https://drive.google.com/a/buttonpoetry.com/file/d/1NVUN34Lm7o8vwETDfHtpbuwYNQ3q1dOJ/view?usp=drivesdk
,Jared Singer,FYTT,Forgive Yourself These Tiny Acts of Self-Destruction,“Hometown”,“We raise the first glass of the night to a memory no matter what. The only difference? Whether or not there will be fewer of us next time.”,Singer - FYTTAOSD - Quote Image - We raise the first.png,https://drive.google.com/a/buttonpoetry.com/file/d/1rHWHoNhk-NnnK9Re2cmRKGnLCQU5EIUe/view?usp=drivesdk,,,,QI,QI,,,,FALSE,,,17350,17350,12448,12448,1,,,,release_year,https://drive.google.com/a/buttonpoetry.com/file/d/1rHWHoNhk-NnnK9Re2cmRKGnLCQU5EIUe/view?usp=drivesdk
,Jared Singer,FYTT,Forgive Yourself These Tiny Acts of Self-Destruction,“I Fall in Love Like Punk Rock”,"“I have always been your drum kit. Even with your whole body, I don’t understand how you make me beat so fast.”",Singer - FYTTAOSD - Quote Image - I have always been your.png,https://drive.google.com/a/buttonpoetry.com/file/d/1L5uyOMFODdwCgZKci2PK1c4HCQERwOZJ/view?usp=drivesdk,,,,QI,QI,,,,TRUE,,,17373,17373,12462,12462,1,,,,release_year,https://drive.google.com/a/buttonpoetry.com/file/d/1L5uyOMFODdwCgZKci2PK1c4HCQERwOZJ/view?usp=drivesdk
,Jared Singer,FYTT,Forgive Yourself These Tiny Acts of Self-Destruction,“I Fall in Love Like Punk Rock”,"“I need you like power chords—you are loud in all of the right ways, you keep the static quiet, you help cover up my mistakes.”",Singer - FYTTAOSD - Quote Image - I need you like.png,https://drive.google.com/a/buttonpoetry.com/file/d/1Anc2VWY0mHDh2FOz-72950kOwLjNDMLp/view?usp=drivesdk,,,,QI,QI,,,,FALSE,,,17372,17372,12463,12463,1,,,,release_year,https://drive.google.com/a/buttonpoetry.com/file/d/1Anc2VWY0mHDh2FOz-72950kOwLjNDMLp/view?usp=drivesdk
,Jared Singer,FYTT,Forgive Yourself These Tiny Acts of Self-Destruction,“I Fall in Love Like Punk Rock”,"“We are desperate and beautiful. We are living proof that if you do something hard enough, fast enough, for long enough, they will not only forgive you your shortcomings, they will love you for them.”",Singer - FYTTAOSD - Quote Image - We are desperate.png,https://drive.google.com/a/buttonpoetry.com/file/d/1g1uWLuxAZeTTMvogj-a-CUU5DS5yHbDj/view?usp=drivesdk,,,,QI,QI,,,,FALSE,,,17375,17375,12465,12465,1,,,,release_year,https://drive.google.com/a/buttonpoetry.com/file/d/1g1uWLuxAZeTTMvogj-a-CUU5DS5yHbDj/view?usp=drivesdk
,Jared Singer,FYTT,Forgive Yourself These Tiny Acts of Self-Destruction,“I Fall in Love Like Punk Rock”,"“You are the cheap whiskey in all of my songs. No matter what I am talking about, I always come back to you.”",Singer - FYTTAOSD - Quote Image - You are the cheap.png,https://drive.google.com/a/buttonpoetry.com/file/d/1lxJN2VhLRg6_7N_ZRjTm059mXOUeAaMi/view?usp=drivesdk,,,,QI,QI,,,,FALSE,,,17376,17376,12466,12466,1,,,,release_year,https://drive.google.com/a/buttonpoetry.com/file/d/1lxJN2VhLRg6_7N_ZRjTm059mXOUeAaMi/view?usp=drivesdk
,Jared Singer,FYTT,Forgive Yourself These Tiny Acts of Self-Destruction,“I Have Never Been Suicidal”,"“I am happier than I have ever been. I still have a hard time believing in myself, use the word broken too much.”",Singer - FYTTAOSD - Quote Image - I am happier.png,https://drive.google.com/a/buttonpoetry.com/file/d/1fOce_91KdbWWqYbmQxWl_Sb1jo_MPXYt/view?usp=drivesdk,,,,QI,QI,,,,FALSE,,,17383,17383,12471,12471,1,,,,release_year,https://drive.google.com/a/buttonpoetry.com/file/d/1fOce_91KdbWWqYbmQxWl_Sb1jo_MPXYt/view?usp=drivesdk
,Jared Singer,FYTT,Forgive Yourself These Tiny Acts of Self-Destruction,“I Have Never Been Suicidal”,"“I have always believed that life is a gift. Sometimes it’s a gift you don’t want, an itchy sweater you wish you could return.”",Singer - FYTTAOSD - Quote Image - I have always believed.png,https://drive.google.com/a/buttonpoetry.com/file/d/1j4ajBiD28Iax8vN9KGsKwjuWoOZQM-F4/view?usp=drivesdk,,,,QI,QI,,,,TRUE,,,17382,17382,12470,12470,1,,,,release_year,https://drive.google.com/a/buttonpoetry.com/file/d/1j4ajBiD28Iax8vN9KGsKwjuWoOZQM-F4/view?usp=drivesdk
,Jared Singer,FYTT,Forgive Yourself These Tiny Acts of Self-Destruction,“I Have Never Been Suicidal”,“I have not always wanted to live. For a long time I couldn’t even imagine what joy would feel like. It’s a melody. It’s a tide. It is full and warm.”,Singer - FYTTAOSD - Quote Image - I have not always wanted.png,https://drive.google.com/a/buttonpoetry.com/file/d/17_bfYQQqJXkbY6Rou7yZAavEINzDZnbO/view?usp=drivesdk,,,,QI,QI,,,,FALSE,,,17384,17384,12472,12472,1,,,,release_year,https://drive.google.com/a/buttonpoetry.com/file/d/17_bfYQQqJXkbY6Rou7yZAavEINzDZnbO/view?usp=drivesdk
,Jared Singer,FYTT,Forgive Yourself These Tiny Acts of Self-Destruction,“I Have Never Been Suicidal”,"“I stopped looking at life as good or bad, a series of snapshots where each was either a reason to live or a reason to die.”",Singer - FYTTAOSD - Quote Image - I stopped looking.png,https://drive.google.com/a/buttonpoetry.com/file/d/1MYJW2xAfk4f02ruehScX633-zit0RJz2/view?usp=drivesdk,,,,QI,QI,,,,FALSE,,,17385,17385,12473,12473,1,,,,release_year,https://drive.google.com/a/buttonpoetry.com/file/d/1MYJW2xAfk4f02ruehScX633-zit0RJz2/view?usp=drivesdk
,Jared Singer,FYTT,Forgive Yourself These Tiny Acts of Self-Destruction,“I Still Miss You”,"“Goodbyes are exactly like that—no matter how ready you think you are for them, they always leave you with so many things you want to say.”",Singer - FYTTAOSD - Quote Image - Goodbyes are exactly.png,https://drive.google.com/a/buttonpoetry.com/file/d/1_Y8rrslxhTgwy6yXXbhRw98LlFxW2AZ6/view?usp=drivesdk,,,,QI,QI,,,,FALSE,,,17394,17394,12478,12478,1,,,,release_year,https://drive.google.com/a/buttonpoetry.com/file/d/1_Y8rrslxhTgwy6yXXbhRw98LlFxW2AZ6/view?usp=drivesdk
,Jared Singer,FYTT,Forgive Yourself These Tiny Acts of Self-Destruction,“Jared ( ) Singer”,"“Every adult man who wants you to be more like them will call you son, usually when giving instructions.”",Singer - FYTTAOSD - Quote Image - Every adult man.png,https://drive.google.com/a/buttonpoetry.com/file/d/1vGb3jUAQga-zW5ozsVL7wlWOu8uE3Dip/view?usp=drivesdk,,,,QI,QI,,,,FALSE,,,17399,17399,12482,12482,1,,,,release_year,https://drive.google.com/a/buttonpoetry.com/file/d/1vGb3jUAQga-zW5ozsVL7wlWOu8uE3Dip/view?usp=drivesdk
,Jared Singer,FYTT,Forgive Yourself These Tiny Acts of Self-Destruction,“Jared ( ) Singer”,"“I was willing to take all the blame, just to be a part of someone else’s story.”",Singer - FYTTAOSD - Quote Image - I was willing.png,https://drive.google.com/a/buttonpoetry.com/file/d/1jJXd7gXNyMW-AyNfOKvdBWHklWqvmts7/view?usp=drivesdk,,,,QI,QI,,,,FALSE,,,17400,17400,12483,12483,1,,,,release_year,https://drive.google.com/a/buttonpoetry.com/file/d/1jJXd7gXNyMW-AyNfOKvdBWHklWqvmts7/view?usp=drivesdk
,Jared Singer,FYTT,Forgive Yourself These Tiny Acts of Self-Destruction,“Jared ( ) Singer”,“I wouldn’t let them see me break. So I pretended this wasn’t a surrender of me.”,Singer - FYTTAOSD - Quote Image - I wouldn't let.png,https://drive.google.com/a/buttonpoetry.com/file/d/1kQ9V9h9FOOZrMx72N9QCXdsxO9pMowpx/view?usp=drivesdk,,,,QI,QI,,,,FALSE,,,17401,17401,12484,12484,1,,,,release_year,https://drive.google.com/a/buttonpoetry.com/file/d/1kQ9V9h9FOOZrMx72N9QCXdsxO9pMowpx/view?usp=drivesdk
,Jared Singer,FYTT,Forgive Yourself These Tiny Acts of Self-Destruction,“Jared ( ) Singer”,"“Maybe I could be a bird. Fragile, magnificent.”",Singer - FYTTAOSD - Quote Image - Maybe I could be.png,https://drive.google.com/a/buttonpoetry.com/file/d/1Ko12AgeHIERx46b4b1E8C4yPzKW3a2Ww/view?usp=drivesdk,,,,QI,QI,,,,FALSE,,,17409,17409,12486,12486,1,,,,release_year,https://drive.google.com/a/buttonpoetry.com/file/d/1Ko12AgeHIERx46b4b1E8C4yPzKW3a2Ww/view?usp=drivesdk
,Jared Singer,FYTT,Forgive Yourself These Tiny Acts of Self-Destruction,“Jared ( ) Singer”,“The act of naming something is an attempt to give it purpose.”,Singer - FYTTAOSD - Quote Image - The act of naming.png,https://drive.google.com/a/buttonpoetry.com/file/d/1SC1pcL2YNKYNZgKNV0Ut8ok-EZ3871MW/view?usp=drivesdk,,,,QI,QI,,,,FALSE,,,17402,17402,12481,12481,1,,,,release_year,https://drive.google.com/a/buttonpoetry.com/file/d/1SC1pcL2YNKYNZgKNV0Ut8ok-EZ3871MW/view?usp=drivesdk
,Jared Singer,FYTT,Forgive Yourself These Tiny Acts of Self-Destruction,“Jared ( ) Singer”,"“When someone wants you to be anything but what you are, the easiest way to start is with a nickname.”",Singer - FYTTAOSD - Quote Image - When someone wants.png,https://drive.google.com/a/buttonpoetry.com/file/d/1QCPvzEjRJvkP7Xz3tmqfFUYs-PW_bR85/view?usp=drivesdk,,,,QI,QI,,,,TRUE,,,17403,17403,12480,12480,1,,,,release_year,https://drive.google.com/a/buttonpoetry.com/file/d/1QCPvzEjRJvkP7Xz3tmqfFUYs-PW_bR85/view?usp=drivesdk
,Jared Singer,FYTT,Forgive Yourself These Tiny Acts of Self-Destruction,“Jewdaism”,“I was taught that following tradition is more important than understanding it.”,Singer - FYTTAOSD - Quote Image - I was taught.png,https://drive.google.com/a/buttonpoetry.com/file/d/1zl2qUuUBmQI78rt03dT-FeK9SWPMU0l_/view?usp=drivesdk,,,,QI,QI,,,,FALSE,,,17411,17411,12488,12488,1,,,,release_year,https://drive.google.com/a/buttonpoetry.com/file/d/1zl2qUuUBmQI78rt03dT-FeK9SWPMU0l_/view?usp=drivesdk
,Jared Singer,FYTT,Forgive Yourself These Tiny Acts of Self-Destruction,"“Living Trust, or The Proper Use of My Body”","“I have long since forgiven your lies. I have long since forgiven my body for failing, for breaking. Maybe forgiveness is transitive.”",Singer - FYTTAOSD - Quote Image - I have long.png,https://drive.google.com/a/buttonpoetry.com/file/d/10CXQPggCRsji0RCLnONXqZYQX10Z4cQm/view?usp=drivesdk,,,,QI,QI,,,,FALSE,,,17438,17438,12504,12504,1,,,,release_year,https://drive.google.com/a/buttonpoetry.com/file/d/10CXQPggCRsji0RCLnONXqZYQX10Z4cQm/view?usp=drivesdk
,Jared Singer,FYTT,Forgive Yourself These Tiny Acts of Self-Destruction,"“Living Trust, or The Proper Use of My Body”","“To my friends, I leave my teeth. They are broken and ugly and for that I apologize, but they are the parts of myself I worried about the most.”",Singer - FYTTAOSD - Quote Image - To my friends.png,https://drive.google.com/a/buttonpoetry.com/file/d/1mm_wIqPcw49iq6qTUYFqsH7U225UPZA0/view?usp=drivesdk,,,,QI,QI,,,,FALSE,,,17439,17439,12506,12506,1,,,,release_year,https://drive.google.com/a/buttonpoetry.com/file/d/1mm_wIqPcw49iq6qTUYFqsH7U225UPZA0/view?usp=drivesdk
,Jared Singer,FYTT,Forgive Yourself These Tiny Acts of Self-Destruction,"“Living Trust, or The Proper Use of My Body”","“To my own memory, I leave my words. They are far from perfect and were frequently misused, but they were heartfelt and honest. The only legacy I could ever accept.”",Singer - FYTTAOSD - Quote Image - To my own memory.png,https://drive.google.com/a/buttonpoetry.com/file/d/1yJ5t1WTOrXM1fsnsTOlqaCPISkwnMHeP/view?usp=drivesdk,,,,QI,QI,,,,FALSE,,,17440,17440,12505,12505,1,,,,release_year,https://drive.google.com/a/buttonpoetry.com/file/d/1yJ5t1WTOrXM1fsnsTOlqaCPISkwnMHeP/view?usp=drivesdk
,Jared Singer,FYTT,Forgive Yourself These Tiny Acts of Self-Destruction,"“Living Trust, or The Proper Use of My Body”","“To the last woman I loved, I leave my bones. They are broken but still work.”",Singer - FYTTAOSD - Quote Image - To the last.png,https://drive.google.com/a/buttonpoetry.com/file/d/1QrZEbpB-upS8q276Vh5tqTNIqZ5FYWy7/view?usp=drivesdk,,,,QI,QI,,,,FALSE,,,17446,17446,12503,12503,1,,,,release_year,https://drive.google.com/a/buttonpoetry.com/file/d/1QrZEbpB-upS8q276Vh5tqTNIqZ5FYWy7/view?usp=drivesdk
,Jared Singer,FYTT,Forgive Yourself These Tiny Acts of Self-Destruction,“Love 1A:”,"“I love like a tornado; here we will be safe. But around us, things will be destroyed by our excess, and I promise, we will not end up in the same place that we started.”",Singer - FYTTAOSD - Quote Image - I love like a tornado.png,https://drive.google.com/a/buttonpoetry.com/file/d/12EM0AFUEMPgYwgcAvbuWA3SA5dT77kmr/view?usp=drivesdk,,,,QI,QI,,,,FALSE,,,17472,17472,12527,12527,1,,,,release_year,https://drive.google.com/a/buttonpoetry.com/file/d/12EM0AFUEMPgYwgcAvbuWA3SA5dT77kmr/view?usp=drivesdk
,Jared Singer,FYTT,Forgive Yourself These Tiny Acts of Self-Destruction,“Love 1A:”,"“If there is anything more like the way I fall in love than a children’s cartoon, I haven’t found it yet.”",Singer - FYTTAOSD - Quote Image - If there is anything.png,https://drive.google.com/a/buttonpoetry.com/file/d/1E7CV257wUO5twkD96WokDaKjD4Ll9Lla/view?usp=drivesdk,,,,QI,QI,,,,FALSE,,,17473,17473,12526,12526,1,,,,release_year,https://drive.google.com/a/buttonpoetry.com/file/d/1E7CV257wUO5twkD96WokDaKjD4Ll9Lla/view?usp=drivesdk
,Jared Singer,FYTT,Forgive Yourself These Tiny Acts of Self-Destruction,“Love 1A:”,“Love is a sandwich. Both are silly little things that we created. We put both in our mouths.”,Singer - FYTTAOSD - Quote Image - Love is a sandwich both.png,https://drive.google.com/a/buttonpoetry.com/file/d/1GttqDfvbWWRaS0d8KIzCp0dXUXrcxT8b/view?usp=drivesdk,,,,QI,QI,,,,FALSE,,,17474,17474,12528,12528,1,,,,release_year,https://drive.google.com/a/buttonpoetry.com/file/d/1GttqDfvbWWRaS0d8KIzCp0dXUXrcxT8b/view?usp=drivesdk
,Jared Singer,FYTT,Forgive Yourself These Tiny Acts of Self-Destruction,“Love 1A:”,"“Love is a sandwich. Everything we do can be reduced to the layering on of parts, hoping we get the combination right.”",Singer - FYTTAOSD - Quote Image - Love is a sandwich.png,https://drive.google.com/a/buttonpoetry.com/file/d/1XBaAN6FtWsI6Ur_wRc_WMsKO5HO5i-4i/view?usp=drivesdk,,,,QI,QI,,,,TRUE,,,17476,17476,12530,12530,1,,,,release_year,https://drive.google.com/a/buttonpoetry.com/file/d/1XBaAN6FtWsI6Ur_wRc_WMsKO5HO5i-4i/view?usp=drivesdk
,Jared Singer,FYTT,Forgive Yourself These Tiny Acts of Self-Destruction,“Love 1A:”,“The heart is a terrible metaphor for love; please stop using it. Love is not a muscle. It cannot atrophy from lack of use. Love is an organ—it can always sneak up on you.”,Singer - FYTTAOSD - Quote Image - The heart is terrible.png,https://drive.google.com/a/buttonpoetry.com/file/d/1XBtGMCo94OJByYIM7Q4R4ImRxjh9Q55o/view?usp=drivesdk,,,,QI,QI,,,,FALSE,,,17477,17477,12531,12531,1,,,,release_year,https://drive.google.com/a/buttonpoetry.com/file/d/1XBtGMCo94OJByYIM7Q4R4ImRxjh9Q55o/view?usp=drivesdk
,Jared Singer,FYTT,Forgive Yourself These Tiny Acts of Self-Destruction,“Love 1A:”,"“The lungs are a much better metaphor for love. The inhale is that moment of excitement when you meet someone special. The exhale, that feeling of hate we all fear we will feel if it doesn’t work out. But the holding, that moment when your body is all potential. That is love.”",Singer - FYTTAOSD - Quote Image - The lungs are.png,https://drive.google.com/a/buttonpoetry.com/file/d/1BAhYT1JLqUD1l26vlZFvrxL7x8lgVDaS/view?usp=drivesdk,,,,QI,QI,,,,FALSE,,,17470,17470,12525,12525,1,,,,release_year,https://drive.google.com/a/buttonpoetry.com/file/d/1BAhYT1JLqUD1l26vlZFvrxL7x8lgVDaS/view?usp=drivesdk
,Jared Singer,FYTT,Forgive Yourself These Tiny Acts of Self-Destruction,“My Hands”,“Every scar a reminder of my ability to hold on long after the let-go became the logical choice.”,Singer - FYTTAOSD - Quote Image - Every scar a.png,https://drive.google.com/a/buttonpoetry.com/file/d/1IeOsqS9JBADc78Nf8AhFY_w0VzCef-RW/view?usp=drivesdk,,,,QI,QI,,,,FALSE,,,17486,17486,12533,12533,1,,,,release_year,https://drive.google.com/a/buttonpoetry.com/file/d/1IeOsqS9JBADc78Nf8AhFY_w0VzCef-RW/view?usp=drivesdk
,Jared Singer,FYTT,Forgive Yourself These Tiny Acts of Self-Destruction,“My Hands”,"“I don’t mind becoming all the things my hands have held. This is the point of callouses. To be tool-sharp, hard, and still human.”",Singer - FYTTAOSD - Quote Image - I don't mind.png,https://drive.google.com/a/buttonpoetry.com/file/d/1ZfiNntJFI4i-09tJxh37nhDzxzymTffs/view?usp=drivesdk,,,,QI,QI,,,,FALSE,,,17487,17487,12532,12532,1,,,,release_year,https://drive.google.com/a/buttonpoetry.com/file/d/1ZfiNntJFI4i-09tJxh37nhDzxzymTffs/view?usp=drivesdk
,Jared Singer,FYTT,Forgive Yourself These Tiny Acts of Self-Destruction,“Personal Soundtrack”,“I like to imagine there is a quiet guitar playing behind everything I do.”,Singer - FYTTAOSD - Quote Image - I like to imagine.png,https://drive.google.com/a/buttonpoetry.com/file/d/1jQ8B8jdISO4jMG1adm1pjuJE2vPRYHt3/view?usp=drivesdk,,,,QI,QI,,,,FALSE,,,17494,17494,12539,12539,1,,,,release_year,https://drive.google.com/a/buttonpoetry.com/file/d/1jQ8B8jdISO4jMG1adm1pjuJE2vPRYHt3/view?usp=drivesdk
,Jared Singer,FYTT,Forgive Yourself These Tiny Acts of Self-Destruction,“Rope”,"“A tiny bit of honesty is a dangerous thing. But the truth, wound around itself over and over, is a solid, lasting, worthy feat, a life worth living for.”",Singer - FYTTAOSD - Quote Image - A tiny bit.png,https://drive.google.com/a/buttonpoetry.com/file/d/1U5WOce-_O7ehHEBifivA_QsiEi1Jkuaw/view?usp=drivesdk,,,,QI,QI,,,,FALSE,,,17500,17500,12545,12545,1,,,,release_year,https://drive.google.com/a/buttonpoetry.com/file/d/1U5WOce-_O7ehHEBifivA_QsiEi1Jkuaw/view?usp=drivesdk
,Jared Singer,FYTT,Forgive Yourself These Tiny Acts of Self-Destruction,“Shatter”,"“Baptism is the process of making the mundane holy. When you learn that you can do that yourself, there is no more need for the stand-proud.”",Singer - FYTTAOSD - Quote Image - Baptism is the.png,https://drive.google.com/a/buttonpoetry.com/file/d/1wsbrjSi5CcCwLJKKhd5j0_gTDuZ-n4Xt/view?usp=drivesdk,,,,QI,QI,,,,FALSE,,,17517,17517,12559,12559,1,,,,release_year,https://drive.google.com/a/buttonpoetry.com/file/d/1wsbrjSi5CcCwLJKKhd5j0_gTDuZ-n4Xt/view?usp=drivesdk
,Jared Singer,FYTT,Forgive Yourself These Tiny Acts of Self-Destruction,“Shatter”,“I know you can’t break me half as hard as I deserve to be broken. Every injury just another opportunity to learn to love this body.”,Singer - FYTTAOSD - Quote Image - I know you can't.png,https://drive.google.com/a/buttonpoetry.com/file/d/1mlfB29vNtc_dMDPlJH-uRUxmLcCuUomE/view?usp=drivesdk,,,,QI,QI,,,,FALSE,,,17518,17518,12560,12560,1,,,,release_year,https://drive.google.com/a/buttonpoetry.com/file/d/1mlfB29vNtc_dMDPlJH-uRUxmLcCuUomE/view?usp=drivesdk
,Jared Singer,FYTT,Forgive Yourself These Tiny Acts of Self-Destruction,“Shatter”,“I never made a mark on my own body—instead I stood proud and let someone else do the breaking.”,Singer - FYTTAOSD - Quote Image - I never made.png,https://drive.google.com/a/buttonpoetry.com/file/d/1wypyCiiDhDpOtux3xet6qIr47-VKds5Z/view?usp=drivesdk,,,,QI,QI,,,,FALSE,,,17519,17519,12554,12554,1,,,,release_year,https://drive.google.com/a/buttonpoetry.com/file/d/1wypyCiiDhDpOtux3xet6qIr47-VKds5Z/view?usp=drivesdk
,Jared Singer,FYTT,Forgive Yourself These Tiny Acts of Self-Destruction,“Shatter”,“This is for everyone who fell in love with the let go—who cut and cut and cut but never gave in to the give up.”,Singer - FYTTAOSD - Quote Image - This is for everyone.png,https://drive.google.com/a/buttonpoetry.com/file/d/1WRFAbCuiMNiLifMHkWP7cCWjyvMtFLXu/view?usp=drivesdk,,,,QI,QI,,,,FALSE,,,17521,17521,12556,12556,1,,,,release_year,https://drive.google.com/a/buttonpoetry.com/file/d/1WRFAbCuiMNiLifMHkWP7cCWjyvMtFLXu/view?usp=drivesdk
,Jared Singer,FYTT,Forgive Yourself These Tiny Acts of Self-Destruction,“Shatter”,"“This is for those who, at the bottom of the well, chose to live. Thank you—you taught me honesty in a way that teachers and parents never considered.”",Singer - FYTTAOSD - Quote Image - This is for those.png,https://drive.google.com/a/buttonpoetry.com/file/d/1b9Itpn_Srf6L3kTKCs4C9N4C6PNU7bQP/view?usp=drivesdk,,,,QI,QI,,,,FALSE,,,17522,17522,12555,12555,1,,,,release_year,https://drive.google.com/a/buttonpoetry.com/file/d/1b9Itpn_Srf6L3kTKCs4C9N4C6PNU7bQP/view?usp=drivesdk
,Jared Singer,FYTT,Forgive Yourself These Tiny Acts of Self-Destruction,“Shatter”,“You can put down the blade made perfect by your blood. Set aside the fury until you really need it. I am unbreakable. I have learned to bend.”,Singer - FYTTAOSD - Quote Image - You can put.png,https://drive.google.com/a/buttonpoetry.com/file/d/1XiiRy_SNa1wp3CFfx3onRXSxUwBfxUDy/view?usp=drivesdk,,,,QI,QI,,,,FALSE,,,17523,17523,12558,12558,1,,,,release_year,https://drive.google.com/a/buttonpoetry.com/file/d/1XiiRy_SNa1wp3CFfx3onRXSxUwBfxUDy/view?usp=drivesdk
,Jared Singer,FYTT,Forgive Yourself These Tiny Acts of Self-Destruction,“Simple Truth”,“I run into the first woman who ever saw me naked at a wedding with her husband. He looks nothing like I do. But she holds him just like she held me.”,Singer - FYTTAOSD - Quote Image - I run into.png,https://drive.google.com/a/buttonpoetry.com/file/d/1gehI9Sw3hkeOxllMeVaYAUpWxYg6fyl7/view?usp=drivesdk,,,,QI,QI,,,,FALSE,,,17551,17551,12575,12575,1,,,,release_year,https://drive.google.com/a/buttonpoetry.com/file/d/1gehI9Sw3hkeOxllMeVaYAUpWxYg6fyl7/view?usp=drivesdk
,Jared Singer,FYTT,Forgive Yourself These Tiny Acts of Self-Destruction,“Simple Truth”,“Love is eternal. And sometimes unspeakably brutal.”,Singer - FYTTAOSD - Quote Image - Love is eternal.png,https://drive.google.com/a/buttonpoetry.com/file/d/1XX8ShhVyLdwIe1XkboLdq5_-OajaUzrL/view?usp=drivesdk,,,,QI,QI,,,,FALSE,,,17550,17550,12574,12574,1,,,,release_year,https://drive.google.com/a/buttonpoetry.com/file/d/1XX8ShhVyLdwIe1XkboLdq5_-OajaUzrL/view?usp=drivesdk
,Jared Singer,FYTT,Forgive Yourself These Tiny Acts of Self-Destruction,“Siren”,"“New York is for people who have something to prove, each of us howling at our own moon.”",Singer - FYTTAOSD - Quote Image - New York is.png,https://drive.google.com/a/buttonpoetry.com/file/d/1dp19qSenDGjfV-sVjS-GFSzWEw1QaoGM/view?usp=drivesdk,,,,QI,QI,,,,FALSE,,,17554,17554,12578,12578,1,,,,release_year,https://drive.google.com/a/buttonpoetry.com/file/d/1dp19qSenDGjfV-sVjS-GFSzWEw1QaoGM/view?usp=drivesdk
,Jared Singer,FYTT,Forgive Yourself These Tiny Acts of Self-Destruction,“Siren”,“Not all men ache for the same song.”,Singer - FYTTAOSD - Quote Image - Not all men.png,https://drive.google.com/a/buttonpoetry.com/file/d/1oz0qTPAPz1TYic8Xgjo5vMq2RKdCfASN/view?usp=drivesdk,,,,QI,QI,,,,FALSE,,,17553,17553,12577,12577,1,,,,release_year,https://drive.google.com/a/buttonpoetry.com/file/d/1oz0qTPAPz1TYic8Xgjo5vMq2RKdCfASN/view?usp=drivesdk
,Jared Singer,FYTT,Forgive Yourself These Tiny Acts of Self-Destruction,“The Last Love Letter from an Entomologist”,“I love you far too much to let what we have be ruined by the failings of our species. So instead I’m going to leave you now while I still remember you fondly.”,Singer - FYTTAOSD - Quote Image - I love you far.png,https://drive.google.com/a/buttonpoetry.com/file/d/1jlxDn3Rbg8KzQVpZJRlEWKnz1pdmBWT5/view?usp=drivesdk,,,,QI,QI,,,,FALSE,,,17598,17598,12606,12606,1,,,,release_year,https://drive.google.com/a/buttonpoetry.com/file/d/1jlxDn3Rbg8KzQVpZJRlEWKnz1pdmBWT5/view?usp=drivesdk
,Jared Singer,FYTT,Forgive Yourself These Tiny Acts of Self-Destruction,“The Last Love Letter from an Entomologist”,"“I’m sorry, but we have to get a divorce. I know that seems like an odd way to start a love letter, but let me explain.”","Singer - FYTTAOSD - Quote Image - I'm sorry, but.png",https://drive.google.com/a/buttonpoetry.com/file/d/1h2PtBJNlAZJxTGdFKr3EO9HLCUDZFKIB/view?usp=drivesdk,,,,QI,QI,,,,FALSE,,,17599,17599,12603,12603,1,,,,release_year,https://drive.google.com/a/buttonpoetry.com/file/d/1h2PtBJNlAZJxTGdFKr3EO9HLCUDZFKIB/view?usp=drivesdk
,Jared Singer,FYTT,Forgive Yourself These Tiny Acts of Self-Destruction,“The Last Love Letter from an Entomologist”,"“It’s not you, it’s definitely not me, it’s just human beings don’t love as well as insects do.”",Singer - FYTTAOSD - Quote Image - It's not you.png,https://drive.google.com/a/buttonpoetry.com/file/d/194DgadGKSGWWT1iFYeEBQ43vpdauTwAJ/view?usp=drivesdk,,,,QI,QI,,,,TRUE,,,17600,17600,12607,12607,1,,,,release_year,https://drive.google.com/a/buttonpoetry.com/file/d/194DgadGKSGWWT1iFYeEBQ43vpdauTwAJ/view?usp=drivesdk
,Jared Singer,FYTT,Forgive Yourself These Tiny Acts of Self-Destruction,“The Last Love Letter from an Entomologist”,"“When flies love each other, they do it so hard that they can never love anything else ever again.”",Singer - FYTTAOSD - Quote Image - When flies love.png,https://drive.google.com/a/buttonpoetry.com/file/d/1PVMnchd0nLzarGYWU2kL61QZHuGfAnmw/view?usp=drivesdk,,,,QI,QI,,,,FALSE,,,17601,17601,12605,12605,1,,,,release_year,https://drive.google.com/a/buttonpoetry.com/file/d/1PVMnchd0nLzarGYWU2kL61QZHuGfAnmw/view?usp=drivesdk
,Jared Singer,FYTT,Forgive Yourself These Tiny Acts of Self-Destruction,“The Last Time We Saw Each Other”,"“With barely any preamble, you asked me why I turned you down in the sixth grade. I said, ‘pretty girls used to scare me, they kinda still do.’”",Singer - FYTTAOSD - Quote Image - With barely any.png,https://drive.google.com/a/buttonpoetry.com/file/d/10gs0v7LfT4GRpSXVnLJ6t6nZTXWceIAv/view?usp=drivesdk,,,,QI,QI,,,,FALSE,,,17604,17604,12609,12609,1,,,,release_year,https://drive.google.com/a/buttonpoetry.com/file/d/10gs0v7LfT4GRpSXVnLJ6t6nZTXWceIAv/view?usp=drivesdk
,Jared Singer,FYTT,Forgive Yourself These Tiny Acts of Self-Destruction,“The Last Time We Saw Each Other”,"“You asked if you should call. I asked if I should visit. We both fell back into our whiskey, neither of us thinking this would be the last time we didn’t say goodbye.”",Singer - FYTTAOSD - Quote Image - You asked if.png,https://drive.google.com/a/buttonpoetry.com/file/d/1uSt0QIWuszJPOvAo5sMnZroNBeEXknrc/view?usp=drivesdk,,,,QI,QI,,,,TRUE,,,17605,17605,12610,12610,1,,,,release_year,https://drive.google.com/a/buttonpoetry.com/file/d/1uSt0QIWuszJPOvAo5sMnZroNBeEXknrc/view?usp=drivesdk
,Jared Singer,FYTT,Forgive Yourself These Tiny Acts of Self-Destruction,“Things I Have Been Told after Performing A Found Poem”,“Come home with me. The way you talk about death makes me love you.”,Singer - FYTTAOSD - Quote Image - Come home with me.png,https://drive.google.com/a/buttonpoetry.com/file/d/128nQAFi9wklkLLb_GNzQWjaqHRzNXLwb/view?usp=drivesdk,,,,QI,QI,,,,TRUE,,,17617,17617,12621,12621,1,,,,release_year,https://drive.google.com/a/buttonpoetry.com/file/d/128nQAFi9wklkLLb_GNzQWjaqHRzNXLwb/view?usp=drivesdk
,Jared Singer,FYTT,Forgive Yourself These Tiny Acts of Self-Destruction,“Things I Have Been Told after Performing A Found Poem”,“I don’t trust anyone who talks for a living.”,Singer - FYTTAOSD - Quote Image - I don't trust.png,https://drive.google.com/a/buttonpoetry.com/file/d/1WJj3k-yA2jzYQre5KVzc368ksJoKR3f6/view?usp=drivesdk,,,,QI,QI,,,,FALSE,,,17622,17622,12623,12623,1,,,,release_year,https://drive.google.com/a/buttonpoetry.com/file/d/1WJj3k-yA2jzYQre5KVzc368ksJoKR3f6/view?usp=drivesdk
,Jared Singer,FYTT,Forgive Yourself These Tiny Acts of Self-Destruction,“Things I Have Been Told after Performing A Found Poem”,"“I loved your work, but you are so smart, why do you write poems? You could be doing something important.”",Singer - FYTTAOSD - Quote Image - I loved your work.png,https://drive.google.com/a/buttonpoetry.com/file/d/1atf4WZw5rcL4A9AVb1UNyL9m72bB8y2g/view?usp=drivesdk,,,,QI,QI,,,,FALSE,,,17618,17618,12622,12622,1,,,,release_year,https://drive.google.com/a/buttonpoetry.com/file/d/1atf4WZw5rcL4A9AVb1UNyL9m72bB8y2g/view?usp=drivesdk
,Jared Singer,FYTT,Forgive Yourself These Tiny Acts of Self-Destruction,“Things to Do When Not Taking Your Sleeping Pills”,“Forgive yourself these tiny acts of self-destruction. Watch the sunrise for the fourth time this week. Allow the new day to give you hope.”,Singer - FYTTAOSD - Quote Image - Forgive yourself these.png,https://drive.google.com/a/buttonpoetry.com/file/d/18JItk-cATMDKkKeU07ipI36NAswXm7NF/view?usp=drivesdk,,,,QI,QI,,,,FALSE,,,17627,17627,12628,12628,1,,,,release_year,https://drive.google.com/a/buttonpoetry.com/file/d/18JItk-cATMDKkKeU07ipI36NAswXm7NF/view?usp=drivesdk
,Jared Singer,FYTT,Forgive Yourself These Tiny Acts of Self-Destruction,“Tiny Words”,“Some words have meaning entirely out of proportion with their size. Want Need Alone These words get easier to say the farther you are from home.”,Singer - FYTTAOSD - Quote Image - Some words have.png,https://drive.google.com/a/buttonpoetry.com/file/d/1PgYXmaNErMFELek7E1UonU75SRTW_7du/view?usp=drivesdk,,,,QI,QI,,,,FALSE,,,17634,17634,12633,12633,1,,,,release_year,https://drive.google.com/a/buttonpoetry.com/file/d/1PgYXmaNErMFELek7E1UonU75SRTW_7du/view?usp=drivesdk
,Jared Singer,FYTT,Forgive Yourself These Tiny Acts of Self-Destruction,“To the Boy with the Broken Skin”,"“For most of us, our skin only records our traumatic moments and our obsessions.”",Singer - FYTTAOSD - Quote Image - For most of us.png,https://drive.google.com/a/buttonpoetry.com/file/d/1G_hYcDhQpSkmeLOfVtiHaWlTPi5J7YxF/view?usp=drivesdk,,,,QI,QI,,,,FALSE,,,17639,17639,12637,12637,1,,,,release_year,https://drive.google.com/a/buttonpoetry.com/file/d/1G_hYcDhQpSkmeLOfVtiHaWlTPi5J7YxF/view?usp=drivesdk
,Jared Singer,FYTT,Forgive Yourself These Tiny Acts of Self-Destruction,“To the Boy with the Broken Skin”,“It is our memories that make us who we are. The rest of us have to cling to them like life vests or hope.”,Singer - FYTTAOSD - Quote Image - It is our memories.png,https://drive.google.com/a/buttonpoetry.com/file/d/1Pa30uwTSuW6RuWy3Ivkngvhf1Ab5JcPe/view?usp=drivesdk,,,,QI,QI,,,,TRUE,,,17636,17636,12635,12635,1,,,,release_year,https://drive.google.com/a/buttonpoetry.com/file/d/1Pa30uwTSuW6RuWy3Ivkngvhf1Ab5JcPe/view?usp=drivesdk
,Jared Singer,FYTT,Forgive Yourself These Tiny Acts of Self-Destruction,“To the Young Man Who Only Talks about Himself in Image and Metaphor”,"“I know that chainsaws can laugh, that everything that cuts loves to laugh.”",Singer - FYTTAOSD - Quote Image - I know that chainsaws.png,https://drive.google.com/a/buttonpoetry.com/file/d/1DV9qG6U_-Uvto7rK8IxWQHOPxt4rhvJc/view?usp=drivesdk,,,,QI,QI,,,,FALSE,,,17645,17645,12642,12642,1,,,,release_year,https://drive.google.com/a/buttonpoetry.com/file/d/1DV9qG6U_-Uvto7rK8IxWQHOPxt4rhvJc/view?usp=drivesdk
,Jared Singer,FYTT,Forgive Yourself These Tiny Acts of Self-Destruction,“To the Young Man Who Only Talks about Himself in Image and Metaphor”,“I know that having a big heart doesn’t mean you have a full one.”,Singer - FYTTAOSD - Quote Image - I know that having.png,https://drive.google.com/a/buttonpoetry.com/file/d/1-TEx4UrjhKB4dAEhUde9CyuedL7svXsY/view?usp=drivesdk,,,,QI,QI,,,,FALSE,,,17643,17643,12640,12640,1,,,,release_year,https://drive.google.com/a/buttonpoetry.com/file/d/1-TEx4UrjhKB4dAEhUde9CyuedL7svXsY/view?usp=drivesdk
,Jared Singer,FYTT,Forgive Yourself These Tiny Acts of Self-Destruction,“To the Young Man Who Only Talks about Himself in Image and Metaphor”,“I too know what it means to have the jaws of a wolf and the cheeks of a pufferfish. To have a nasty bite and still be full of hot air.”,Singer - FYTTAOSD - Quote Image - I too know.png,https://drive.google.com/a/buttonpoetry.com/file/d/1zvNxmZBelxN9QFvH7tUwI7nH35RQe8QQ/view?usp=drivesdk,,,,QI,QI,,,,FALSE,,,17644,17644,12641,12641,1,,,,release_year,https://drive.google.com/a/buttonpoetry.com/file/d/1zvNxmZBelxN9QFvH7tUwI7nH35RQe8QQ/view?usp=drivesdk
,Jared Singer,FYTT,Forgive Yourself These Tiny Acts of Self-Destruction,“To the Young Man Who Only Talks about Himself in Image and Metaphor”,“It is amazing how lonely can become a symphony when no one is there to hear it.”,Singer - FYTTAOSD - Quote Image - It is amazing.png,https://drive.google.com/a/buttonpoetry.com/file/d/1g2Tzy4cXSTdD3cDfdwdSFG_Z4ghvZTG8/view?usp=drivesdk,,,,QI,QI,,,,FALSE,,,17652,17652,12649,12649,1,,,,release_year,https://drive.google.com/a/buttonpoetry.com/file/d/1g2Tzy4cXSTdD3cDfdwdSFG_Z4ghvZTG8/view?usp=drivesdk
,Jared Singer,FYTT,Forgive Yourself These Tiny Acts of Self-Destruction,“Toxicity”,"“Relationships can be just like that. When one is sick, trying to save it can poison your everything.”",Singer - FYTTAOSD - Quote Image - Relationships can be.png,https://drive.google.com/a/buttonpoetry.com/file/d/1z8ayOOVxAV_IbxYuvQNhKXeMQWvg7IYY/view?usp=drivesdk,,,,QI,QI,,,,FALSE,,,17661,17661,12653,12653,1,,,,release_year,https://drive.google.com/a/buttonpoetry.com/file/d/1z8ayOOVxAV_IbxYuvQNhKXeMQWvg7IYY/view?usp=drivesdk
,Jared Singer,FYTT,Forgive Yourself These Tiny Acts of Self-Destruction,“Toxicity”,"“To be happy, we must all learn to be surgeons, to cut away that which cannot be cured.”",Singer - FYTTAOSD - Quote Image - To be happy.png,https://drive.google.com/a/buttonpoetry.com/file/d/1PBjvXQyFj5JuJKPKa3WJqh9nIzyi-lta/view?usp=drivesdk,,,,QI,QI,,,,FALSE,,,17662,17662,12652,12652,1,,,,release_year,https://drive.google.com/a/buttonpoetry.com/file/d/1PBjvXQyFj5JuJKPKa3WJqh9nIzyi-lta/view?usp=drivesdk
,Jared Singer,FYTT,Forgive Yourself These Tiny Acts of Self-Destruction,“Why I Will Never Learn to Play the Cello”,"“I am too much engineer, too gearheart to hold something without trying to improve it.”",Singer - FYTTAOSD - Quote Image - I am too much.png,https://drive.google.com/a/buttonpoetry.com/file/d/1tsyzpsa3X_Vb_8ljoDihzWAnWxKxAirr/view?usp=drivesdk,,,,QI,QI,,,,FALSE,,,17674,17674,12665,12665,1,,,,release_year,https://drive.google.com/a/buttonpoetry.com/file/d/1tsyzpsa3X_Vb_8ljoDihzWAnWxKxAirr/view?usp=drivesdk
,Jared Singer,FYTT,Forgive Yourself These Tiny Acts of Self-Destruction,“Why I Will Never Learn to Play the Cello”,"“Some things are holy enough that they deserve to only be done well. Love, cello, forgiveness.”",Singer - FYTTAOSD - Quote Image - Some things are holy.png,https://drive.google.com/a/buttonpoetry.com/file/d/1ifZ2R6qFmmRfKhmvvc9PrwTJGNqrdEgy/view?usp=drivesdk,,,,QI,QI,,,,FALSE,,,17675,17675,12666,12666,1,,,,release_year,https://drive.google.com/a/buttonpoetry.com/file/d/1ifZ2R6qFmmRfKhmvvc9PrwTJGNqrdEgy/view?usp=drivesdk
,Josie,PBC,Poetry By Chance,BEAUTY IS A BURNING CURSE,"""Beauty is a burning curse. The stares seem to attack my skin and remind me I cannever be alone.""",Josie-PBC-Quote images-Beauty is a burning curse-6.png,https://drive.google.com/file/d/1NnFA2IBVbw547BPVHy1d6c_mGgK2Tfxf/view?usp=drivesdk,,,,QI,QI,,,,FALSE,,,19511,19511,14050,14050,1,,,,release_year,https://drive.google.com/file/d/1NnFA2IBVbw547BPVHy1d6c_mGgK2Tfxf/view?usp=drivesdk
,JULENE WAFFLE,PBC,Poetry By Chance,SHARP-EDGED PUZZLE,"""This is all to say, when I look at hime, I see myself all glass and shine, when the sun catches my sharp edges.""","MALI, WAFFLE - PBC - Quote Images - SHARP-EDGED PUZZLE - 1.png",https://drive.google.com/file/d/12lNXGGSi896QFEpGJT74cJmG7wXySviY/view?usp=drivesdk,,,,QI,QI,,,,FALSE,,,19601,19601,14098,14098,1,,,,release_year,https://drive.google.com/file/d/12lNXGGSi896QFEpGJT74cJmG7wXySviY/view?usp=drivesdk
,Junious 'Jay' Ward,COMP,Bloodfresh,"“FOREVER, A PROTEST IS JUST A RUN”","“notice how tiring it can be (not seeing color), we see blood & you see black, we see protest & you see black words, we see poetics & you see ceaseless volleys that pain the ears but go unheard.”","Ward - COMP - Quote Image - “notice how tiring it can be (not seeing color), we see blood & you see black...""",https://drive.google.com/file/d/124vjzMqxnZ-JYwLpmteLcOJDR6HO4Wrr/view?usp=drivesdk,,,,QI,QI,,,,FALSE,,,19780,19780,14223,14223,1,,,,release_year,https://drive.google.com/file/d/124vjzMqxnZ-JYwLpmteLcOJDR6HO4Wrr/view?usp=drivesdk
,Kait Quinn,PBC,Poetry By Chance,POETRY IS A DESPERATE SONGBIRD,"""I hold every winter like a breath in my lungs, wait for the starling's trachea to bloom.""",Quinn - PBCA - Quote Images - POETRY IS A DESPERATE SONGBIRD - 6.png,https://drive.google.com/file/d/1jOG1VomfCIBav2PMVFS5FNeUml7gO8Mh/view?usp=drivesdk,,,,QI,QI,,,,FALSE,,,20274,20274,14499,14499,1,,,,release_year,https://drive.google.com/file/d/1jOG1VomfCIBav2PMVFS5FNeUml7gO8Mh/view?usp=drivesdk
,KIKA MAN,PBC,Poetry By Chance,TRYING TO LOVE MYSELF ft Andrea Gibson,"""my body is a rugged drum, skin stretched over bone. I am the percussionist of my fate. Hit it so hard I pulverize the ladybugs I see dead on the road.""",MAN- PBCA - Quote Images - TRYING TO LOVE MYSELF ft Andrea Gibson.png,https://drive.google.com/file/d/1bm2qbokqoK7WqJ-qntnN_SLqcXRvv21M/view?usp=drivesdk,,,,QI,QI,,,,FALSE,,,21449,21449,15331,15331,1,,,,release_year,https://drive.google.com/file/d/1bm2qbokqoK7WqJ-qntnN_SLqcXRvv21M/view?usp=drivesdk
,KIKA MAN,PBC,Poetry By Chance,TRYING TO LOVE MYSELF ft Andrea Gibson,"""I hold my hands, feel the dried-out skin that matches my peeling love, my heart is like a blood-orange. I slice it into quarters, then quarter those, it is as my favorite poet said before, I love you to pieces, too.""",Man-PBC-Quote images- Trying to love myself ft. Andrea Gibson-10.png,https://drive.google.com/file/d/1wHmxT7wJx54dlcUqHKu42p852rJEj4pW/view?usp=drivesdk,,,,QI,QI,,,,FALSE,,,21448,21448,15329,15329,1,,,,release_year,https://drive.google.com/file/d/1wHmxT7wJx54dlcUqHKu42p852rJEj4pW/view?usp=drivesdk
,Kohana Mehl-McKee,PBC,Poetry By Chance,SUFFOCATING PHOENIX,"""His lies brand my body, forever mar my smooth skin. His truths embody absence, like carefully handwritten letters set aflame.""",MEHL-MCKEE - PBCA - Quote Images - SUFFOCATING PHOENIX - #4.png,https://drive.google.com/file/d/1KVqTmfN298IJ_yXZ-Wol6CQcpkAdPIA3/view?usp=drivesdk,,,,QI,QI,,,,FALSE,,,21585,21585,15458,15458,1,,,,release_year,https://drive.google.com/file/d/1KVqTmfN298IJ_yXZ-Wol6CQcpkAdPIA3/view?usp=drivesdk
,Kohana Mehl-McKee,PBC,Poetry By Chance,SUFFOCATING PHOENIX,"""My father is a burning promise, and I am the scorching mess he made.""",MEHL-MCKEE - PBCA - Quote Images - SUFFOCATING PHOENIX - 1.png,https://drive.google.com/file/d/1sOcD3gL_xTmAX6LReC5MaJmrwIIRpxxQ/view?usp=drivesdk,,,,QI,QI,,,,FALSE,,,21587,21587,15457,15457,1,,,,release_year,https://drive.google.com/file/d/1sOcD3gL_xTmAX6LReC5MaJmrwIIRpxxQ/view?usp=drivesdk
,"Kyle ""Guante"" Tran Myhre",NALO,Bloodfresh,“BLESSING (TO THE INFORMANTS IN THE AUDIENCE TONIGHT)”,"“So many who have earned blood spill only paint. So many who have earned fire seek only respect. So many who have earned cutting the throat of the world want only to see their children grow up happy. Here, ‘justice’ is not punishment, or vengeance. It is our children, growing up, happy.”","Guante - NALO - Quote Image - ""So many who have earned blood spill only paint.""",https://drive.google.com/file/d/1mCMMbujwM6AOMy22bH-q1Ydht_RvK9cx/view?usp=drivesdk,,,,QI,QI,,,,FALSE,,,21814,21814,15625,15625,1,,,,release_year,https://drive.google.com/file/d/1mCMMbujwM6AOMy22bH-q1Ydht_RvK9cx/view?usp=drivesdk
,Li,PBC,Poetry By Chance,I AM HEADING NORTH TO FORGET YOU,"""memory is a broken compass and suddenly I am in Southern California with the echo of your kiss on my salt lips.""",Li-PBC-Quote images-I am heading north to forget you-5.png,https://drive.google.com/file/d/1HzdiFdUMrvwQb7PnJIw7eSlWKOumk8pZ/view?usp=drivesdk,,,,QI,QI,,,,FALSE,,,23468,23468,9401,9401,1,,,,release_year,https://drive.google.com/file/d/1HzdiFdUMrvwQb7PnJIw7eSlWKOumk8pZ/view?usp=drivesdk
,LIV TROTTIER-MITCHESON,PBC,Poetry By Chance,HOME IS AN ELUSIVE DANCE,"""i am (maybe just to myself) always a foreigner. but i can dance in outgrown shoes, right?""",TROTTIER-MITCHESON - PBCA - Quote Images - HOME IS AN ELUSIVE DANCE.png,https://drive.google.com/file/d/1RzEe18KpbWYuQ41XjR5UgkjW6qio5jbv/view?usp=drivesdk,,,,QI,QI,,,,FALSE,,,23567,23567,16936,16936,1,,,,release_year,https://drive.google.com/file/d/1RzEe18KpbWYuQ41XjR5UgkjW6qio5jbv/view?usp=drivesdk
,MARIA NIKOLAKAKOS,PBC,Poetry By Chance,MEMORY,"""No, time does not heal - It simply forgets the pain; For fondness is easier to feel than passion disdain.""",MARIA NIKOLAKAKOS - PBC - Quote Images - MEMORY - 2.png,https://drive.google.com/file/d/1VwnjWxYvpGCdPVaGN3m5C56A_BwJKTBC/view?usp=drivesdk,,,,QI,QI,,,,FALSE,,,23849,23849,17155,17155,1,,,,release_year,https://drive.google.com/file/d/1VwnjWxYvpGCdPVaGN3m5C56A_BwJKTBC/view?usp=drivesdk
,MARIA NIKOLAKAKOS,PBC,Poetry By Chance,Memory,"""In false recollection and idyllic reverie - In the name of nostalgia, be his memory.""",Nikolakakos-PBC-Quote images-Memory-2.png,https://drive.google.com/file/d/1KMB2xUWPpd-hNqDiN8CMGvSmvFSNr_TH/view?usp=drivesdk,,,,QI,QI,,,,FALSE,,,23857,23857,17158,17158,1,,,,release_year,https://drive.google.com/file/d/1KMB2xUWPpd-hNqDiN8CMGvSmvFSNr_TH/view?usp=drivesdk
,MARIA NIKOLAKAKOS,PBC,Poetry By Chance,Memory,"""No, time does not heal - It simply forgets the pain; For fondness is easier to feel than passion disdain.""",NIKOLAKAKOS-PBCA-Quote Images-MEMORY-3.png,https://drive.google.com/file/d/1NT33HVrgLiKBHy8j1eiwm65MU3W9G0ZO/view?usp=drivesdk,,,,QI,QI,,,,FALSE,,,23853,23853,17155,17155,1,,,,release_year,https://drive.google.com/file/d/1NT33HVrgLiKBHy8j1eiwm65MU3W9G0ZO/view?usp=drivesdk
,Matt Coonan,TG,Toy Gun,A BULL RUNS WILD IN MY HOMETOWN,What is a heaven without the taste of familiar love?,Coonan-A Bull RUNS WILD IN MY HOMETOWN-26 (1).png,https://drive.google.com/file/d/1-y7BFyYPdv9_Ewbj0FpugQyEpWfz-_YS/view?usp=drivesdk,,,,QI,QI,,,,FALSE,,,24039,24039,17296,17296,1,,,,release_year,https://drive.google.com/file/d/1-y7BFyYPdv9_Ewbj0FpugQyEpWfz-_YS/view?usp=drivesdk
,Matt Coonan,TG,Toy Gun,A Rewound Catharsis,"""A swarm of monarchs
rise in a king’s gut.
How much gold will
he shed to float today
& gain a bug’s eye view
of the lopsided cage he’s built?""",Coonan - TG - Quote image-A Rewound Catharsis-18.png,https://drive.google.com/file/d/1_dAlbh9zcxrSnZ5U5XdUEwVjT--DNyQC/view?usp=drive_link,,,,QI,QI,,,,FALSE,,,24041,"24041, 24042",17297,17297,2,,,,release_year,https://drive.google.com/file/d/1_dAlbh9zcxrSnZ5U5XdUEwVjT--DNyQC/view?usp=drive_link
,Matt Coonan,TG,Toy Gun,ageless,"""image tucked under god’s steel toe: a stubborn cageling, bondage
unseen. flight is just a message of sky. 'will you rise today?'"" (refer to manuscript)",Coonan-TG-quoteimages-ageless-12.png,https://drive.google.com/file/d/1RUvuWSunBLsJ0xQg6fDnkxFOFcscwZ8a/view?usp=drivesdk,,,,QI,QI,,,,FALSE,,,24046,24046,17298,17298,1,,,,release_year,https://drive.google.com/file/d/1RUvuWSunBLsJ0xQg6fDnkxFOFcscwZ8a/view?usp=drivesdk
,Matt Coonan,TG,Toy Gun,Angel Hair,"""If a body melts on the tongue,
we feast.

If stubborn bones crawl between my teeth,
we wait.",Coonan-TG-quoteimages-Angel Hair-5.png,https://drive.google.com/file/d/1rWnps3sIP3WxF2yMexYxp5ksswj6FTap/view?usp=drivesdk,,,,QI,QI,,,,FALSE,,,24053,24053,17299,17299,1,,,,release_year,https://drive.google.com/file/d/1rWnps3sIP3WxF2yMexYxp5ksswj6FTap/view?usp=drivesdk
,Matt Coonan,TG,Toy Gun,barrage,"""A human brain stretched out is about
two sheets of newspaper. That’s enough
to clog a throat. I spread my memory flat
& sprint like prisoners set free to a minefield.""",_Coonan - TG - Quote image-barrage-14,https://drive.google.com/file/d/1WT0Ghp_jbqxAkEZXvILfcXonan_m5NMn/view?usp=drive_link,,,,QI,QI,,,,TRUE,,,24054,24054,17300,17300,1,,,,release_year,https://drive.google.com/file/d/1WT0Ghp_jbqxAkEZXvILfcXonan_m5NMn/view?usp=drive_link
,Matt Coonan,TG,Toy Gun,barrage,"""A human brain stretched out is about
two sheets of newspaper. That’s enough
to clog a throat. I spread my memory flat
& sprint like prisoners set free to a minefield.""",_Coonan - TG - Quote image-barrage-14.png,https://drive.google.com/file/d/1WT0Ghp_jbqxAkEZXvILfcXonan_m5NMn/view?usp=drivesdk,,,,QI,QI,,,,FALSE,,,24055,24055,17300,17300,1,,,,release_year,https://drive.google.com/file/d/1WT0Ghp_jbqxAkEZXvILfcXonan_m5NMn/view?usp=drivesdk
,Matt Coonan,TG,Toy Gun,Barrage,"""A blood-stained
Harrison Ford must cut two of five wires
to activate a fuel dump. A mistake will blow
the engine. He cuts green & yellow, leaving
red, white, & blue. intact. Static. Charged
by faith. An orchestra explodes the score.""",Coonan - TG - Quote image- Barrage- 17,https://drive.google.com/file/d/1Ntx_8jkU8GJaaTAqYTwijIrLRjNY9WXT/view?usp=drive_link,,,,QI,QI,,,,FALSE,,,24056,24056,17301,17301,1,,,,release_year,https://drive.google.com/file/d/1Ntx_8jkU8GJaaTAqYTwijIrLRjNY9WXT/view?usp=drive_link
,Matt Coonan,TG,Toy Gun,Carbon copied fire,"""boy plays cops &
robbers in the park.
in two seconds, his football spiral
reversed.
his mother’s crochet
unwoven.
a boyhood
revoked.
'permanently affixed,'""",COONAN - TG - QUOTE IMAGES - CARBON COPIED FIRE - 1.png,https://drive.google.com/file/d/1rvUU0cRpJ55R1solfSHH3RHrW5yzeCeM/view?usp=drivesdk,,,,QI,QI,,,,FALSE,,,24068,24068,17305,17305,1,,,,release_year,https://drive.google.com/file/d/1rvUU0cRpJ55R1solfSHH3RHrW5yzeCeM/view?usp=drivesdk
,Matt Coonan,TG,Toy Gun,Carbon copied fire,"""a boyhood is promised
when you look like
Dylann Roof,
or me,
or the man
who saw a child
with a toy & thought
'threat '""",Coonan-TG-quoteumages-Carbon copied fire-7.png,https://drive.google.com/file/d/1AyONxHoPeub2Ra8JY5xcqqAoeYejisik/view?usp=drivesdk,,,,QI,QI,,,,FALSE,,,24072,24072,17303,17303,1,,,,release_year,https://drive.google.com/file/d/1AyONxHoPeub2Ra8JY5xcqqAoeYejisik/view?usp=drivesdk
,Matt Coonan,TG,Toy Gun,Death Is A Stubborn Botany,"“My grief is the tree,
roots swelling beyond
a spade’s reach,
or I am just too tired
to dig all the time.”",Coonan-TG-quoteimages-Death is a stubborn botany- 20.png,https://drive.google.com/file/d/1BLp9PnSu30oP6XGs3R37bSNyEXD1XGQ2/view?usp=drivesdk,,,,QI,QI,,,,FALSE,,,24083,24083,17310,17310,1,,,,release_year,https://drive.google.com/file/d/1BLp9PnSu30oP6XGs3R37bSNyEXD1XGQ2/view?usp=drivesdk
,Matt Coonan,TG,Toy Gun,Elmer Fudd Was Once A Wildlife Photographer,"A photo cannot capture

all the gorgeous dimensions of stillness
like a bullet can.",Coonan-TG-quoteimages-Elmer Fudd Was Once A Wildlife Photographer-25.png,https://drive.google.com/file/d/1MCI8OVpYc3Hemq7haufyNaWTnOUfApMm/view?usp=drivesdk,,,,QI,QI,,,,FALSE,,,24087,24087,17311,17311,1,,,,release_year,https://drive.google.com/file/d/1MCI8OVpYc3Hemq7haufyNaWTnOUfApMm/view?usp=drivesdk
,Matt Coonan,TG,Toy Gun,Fluke,My name learned to float before I could.,Coonan-TG-quoteimages-Fluke-24.png,https://drive.google.com/file/d/1t3Va8Tup-FyJluVY2WsE_PJsbx2jIPCL/view?usp=drivesdk,,,,QI,QI,,,,FALSE,,,24110,24110,17320,17320,1,,,,release_year,https://drive.google.com/file/d/1t3Va8Tup-FyJluVY2WsE_PJsbx2jIPCL/view?usp=drivesdk
,Matt Coonan,TG,Toy Gun,Gun Violence Villanelle,"A body matters most when stained on glass.
His, which will be given up for you.
A body’s measurement of matter is mass.
The boy’s tomorrow is encased in brass.",Coonan - TG - Quote image-Gun Violence Villanelle-15 (1).png,https://drive.google.com/file/d/1hcSaDREtrDFmdO0BdSsf32olBtccptah/view?usp=drivesdk,,,,QI,QI,,,,FALSE,,,24121,24121,17325,17325,1,,,,release_year,https://drive.google.com/file/d/1hcSaDREtrDFmdO0BdSsf32olBtccptah/view?usp=drivesdk
,Matt Coonan,TG,Toy Gun,Gun Violence Villanelle,"""Another crowd mowed down like blades of grass.
Another ten-second talk at the barbeque.
The boy’s tomorrow is encased in brass.

A body matters most when stained on glass.
His, which will be given up for you.
A body’s measurement of matter is mass.
The boy’s tomorrow is encased in brass.""",COONAN - TG - QUOTE IMAGES - GUN VIOLENCE VILLANELLE - 1.png,https://drive.google.com/file/d/1Sug9UbVb4s72LXuT_tbYEsYT5tcS0nbi/view?usp=drive_link,,,,QI,QI,,,,FALSE,,,24122,24122,17324,17324,1,,,,release_year,https://drive.google.com/file/d/1Sug9UbVb4s72LXuT_tbYEsYT5tcS0nbi/view?usp=drive_link
,Matt Coonan,TG,Toy Gun,Gun Violence Villanelle,"""Another crowd mowed down like blades of grass.
Another ten-second talk at the barbeque.
The boy’s tomorrow is encased in brass.

A body matters most when stained on glass.
His, which will be given up for you.
A body’s measurement of matter is mass.
The boy’s tomorrow is encased in brass.",COONAN - TG - QUOTE IMAGES - GUN VIOLENCE VILLANELLE - 1.png,https://drive.google.com/file/d/1RH02ovxNSE_FNM_SUiAQQTFc5uHLs32I/view?usp=drivesdk,,,,QI,QI,,,,FALSE,,,24124,24124,17324,17324,1,,,,release_year,https://drive.google.com/file/d/1RH02ovxNSE_FNM_SUiAQQTFc5uHLs32I/view?usp=drivesdk
,Matt Coonan,TG,Toy Gun,heirloom,"""& in bed, her brown curls
were bobby pinned to the scalp,
her mouth a vault
she’d lost the key to.

I never knew my nonna’s hair,
but I met her wig one Sunday,
laid out like roadkill on the bathroom counter.""",Coonan - TG - Quote image-heirloom-16.png,https://drive.google.com/file/d/1o-08Qf2LjVItCGnSHPe8QR_7W3YM7vTY/view?usp=drivesdk,,,,QI,QI,,,,FALSE,,,24136,24136,17334,17334,1,,,,release_year,https://drive.google.com/file/d/1o-08Qf2LjVItCGnSHPe8QR_7W3YM7vTY/view?usp=drivesdk
,Matt Coonan,TG,Toy Gun,heirloom,"""I remember that dusty bowl
of strawberry candy & pennies & bobby pins
& all the small nothings that accumulate over time.

That’s my brain, Nonna:
a conglomerate of bottom drawer junk,
a minefield of tiny traumas to sift through.""",COONAN - TG - QUOTE IMAGES - HEIRLOOM - 1.png,https://drive.google.com/file/d/1Qn8C-khtPQI-fTfmbKksJ-4R4A2kr1Qb/view?usp=drivesdk,,,,QI,QI,,,,TRUE,,,24137,24137,17333,17333,1,,,,release_year,https://drive.google.com/file/d/1Qn8C-khtPQI-fTfmbKksJ-4R4A2kr1Qb/view?usp=drivesdk
,Matt Coonan,TG,Toy Gun,imago,"""If, by mistake or cruel purpose, I am buried
alive, may the walls become my mother’s
arms—like how she held me when
cancer took""",COONAN - TG - QUOTE IMAGES - IMAGO - 1.png,https://drive.google.com/file/d/1nUH77xYo1EI9Qfco9xzGC2uiw3ObUlQE/view?usp=drivesdk,,,,QI,QI,,,,FALSE,,,24144,24144,17338,17338,1,,,,release_year,https://drive.google.com/file/d/1nUH77xYo1EI9Qfco9xzGC2uiw3ObUlQE/view?usp=drivesdk
,Matt Coonan,TG,Toy Gun,not-body,"""forget the body / focus on an outside grief / unless that grief is plump
with bodies / then forget the body & the grief /""",COONAN - TG - QUOTE IMAGES - NOT-BODY - 1.png,https://drive.google.com/file/d/1xtgh1YZ_m5fc50Oj_zcTGc7LPBQOxbAH/view?usp=drivesdk,,,,QI,QI,,,,FALSE,,,24153,24153,17341,17341,1,,,,release_year,https://drive.google.com/file/d/1xtgh1YZ_m5fc50Oj_zcTGc7LPBQOxbAH/view?usp=drivesdk
,Matt Coonan,TG,Toy Gun,playdate,"""Our eyes lock,
& today,

we will bare
our fathers’ bark,
trade this petal skin
for decades of callus.""",Coonan-TG-quoteimages-playdate-4,https://drive.google.com/file/d/1XYQ-s-WtMlK9OZJ-W9M2Q5Eo_RA49SKb/view?usp=drive_link,,,,QI,QI,,,,FALSE,,,24156,24156,17342,17342,1,,,,release_year,https://drive.google.com/file/d/1XYQ-s-WtMlK9OZJ-W9M2Q5Eo_RA49SKb/view?usp=drive_link
,Matt Coonan,TG,Toy Gun,playdate,"""Our eyes lock,
& today,

we will bare
our fathers’ bark,
trade this petal skin
for decades of callus.""",Coonan-TG-quoteimages-playdate-4.png,https://drive.google.com/file/d/1XYQ-s-WtMlK9OZJ-W9M2Q5Eo_RA49SKb/view?usp=drivesdk,,,,QI,QI,,,,FALSE,,,24157,24157,17342,17342,1,,,,release_year,https://drive.google.com/file/d/1XYQ-s-WtMlK9OZJ-W9M2Q5Eo_RA49SKb/view?usp=drivesdk
,Matt Coonan,TG,Toy Gun,POMPEII,"""I realize that without these,
she’s one Vesuvius away
from turning this house to ash.""",Coonan-TG-quoteimages- POMPEII-3 .png,https://drive.google.com/file/d/1DBD-ekkaOyApFo4nhW00K0sE_Irw4gu-/view?usp=drivesdk,,,,QI,QI,,,,FALSE,,,24164,24164,17343,17343,1,,,,release_year,https://drive.google.com/file/d/1DBD-ekkaOyApFo4nhW00K0sE_Irw4gu-/view?usp=drivesdk
,Matt Coonan,TG,Toy Gun,premature,"""newborn bullets meet the closest body
& call it mother. """,COONAN - TG - QUOTE IMAGES - PREMATURE - 1.png,https://drive.google.com/file/d/1TKnLiLcNzZF4JHoS6pJzd-ElPCw70k1Y/view?usp=drivesdk,,,,QI,QI,,,,FALSE,,,24171,24171,17344,17344,1,,,,release_year,https://drive.google.com/file/d/1TKnLiLcNzZF4JHoS6pJzd-ElPCw70k1Y/view?usp=drivesdk
,Matt Coonan,TG,Toy Gun,SPONGEBOB CHARACTERS SUFFER THEIR CARDINAL SINS,"""the venom drops him flat
like a star abandoned by the night""",Coonan-TG-quoteimages-SPONGEBOB CHARACTERS SUFFER THEIR CARDINAL SINS-2,https://drive.google.com/file/d/1fgmmUrt2gqcPz29k9a1ISVXSRUqggR30/view?usp=drive_link,,,,QI,QI,,,,FALSE,,,24181,24181,17347,17347,1,,,,release_year,https://drive.google.com/file/d/1fgmmUrt2gqcPz29k9a1ISVXSRUqggR30/view?usp=drive_link
,Matt Coonan,TG,Toy Gun,SPONGEBOB CHARACTERS SUFFER THEIR CARDINAL SINS,"""the venom drops him flat
like a star abandoned by the night""",Coonan-TG-quoteimages-SPONGEBOB CHARACTERS SUFFER THEIR CARDINAL SINS-2.png,https://drive.google.com/file/d/1fgmmUrt2gqcPz29k9a1ISVXSRUqggR30/view?usp=drivesdk,,,,QI,QI,,,,FALSE,,,24182,24182,17347,17347,1,,,,release_year,https://drive.google.com/file/d/1fgmmUrt2gqcPz29k9a1ISVXSRUqggR30/view?usp=drivesdk
,Matt Coonan,TG,Toy Gun,Stream of Subconsciousness,"“What will I get besides a memory?

You can’t play with a memory,
even if you ask its mother politely”",Coonan-TG-quoteimages-Stream of Subconsciousness-9.png,https://drive.google.com/file/d/1TDBKYRB5zlWTQvPyNT8DVBnBz7yKLsNv/view?usp=drivesdk,,,,QI,QI,,,,FALSE,,,24190,24190,17348,17348,1,,,,release_year,https://drive.google.com/file/d/1TDBKYRB5zlWTQvPyNT8DVBnBz7yKLsNv/view?usp=drivesdk
,Matt Coonan,TG,Toy Gun,the turkeys,"""Nothing is ours for long.
These lungs are leased, this breath borrowed.

When I gasp for air at night,
an oak tilts toward my window.

Soon, it may belly flop, & greed
will be the death of me.""",Coonan - TG - Quote image-the turkeys-16.png,https://drive.google.com/file/d/1P8-TmSCrXFFf8_sgDBcFh496-myet4Qh/view?usp=drivesdk,,,,QI,QI,,,,TRUE,,,24196,24196,17349,17349,1,,,,release_year,https://drive.google.com/file/d/1P8-TmSCrXFFf8_sgDBcFh496-myet4Qh/view?usp=drivesdk
,Matt Coonan,TG,Toy Gun,trick,"""Blood is replaced
by what’s hiding behind it.""",Coonan-TG-quoteimages-trick-27.png,https://drive.google.com/file/d/1XYVMTbDddgClG84ZOAK59wEPKAgde2Kr/view?usp=drivesdk,,,,QI,QI,,,,FALSE,,,24212,24212,17351,17351,1,,,,release_year,https://drive.google.com/file/d/1XYVMTbDddgClG84ZOAK59wEPKAgde2Kr/view?usp=drivesdk
,Matt Coonan,TG,Toy Gun,trick,"""You wait for the gush of velvet
like the curtain drawn
on endless skin,

like wine flowing from bottlenecks
down the throats we claim
shatterproof.""",Coonan-TG-quoteimages-trick-8.png,https://drive.google.com/file/d/1vdq1JaqZcxsZ42CjUIR7pdo1n7hq2-O7/view?usp=drivesdk,,,,QI,QI,,,,FALSE,,,24214,24214,17350,17350,1,,,,release_year,https://drive.google.com/file/d/1vdq1JaqZcxsZ42CjUIR7pdo1n7hq2-O7/view?usp=drivesdk
,Matt Coonan,TG,Toy Gun,What I Can't Wrap My Head Around,"“you plucked blade after blade,
pressed each to your lips
‘ —grass whistles’.
you gifted the earth
with more music
than it already knew.”",Coonan-TG-quoteimages-What I Can't Wrap My Head Around-11.png,https://drive.google.com/file/d/1KXvszB3HSaBFl1yh7QLv62uwJLPAKLkS/view?usp=drivesdk,,,,QI,QI,,,,FALSE,,,24218,24218,17352,17352,1,,,,release_year,https://drive.google.com/file/d/1KXvszB3HSaBFl1yh7QLv62uwJLPAKLkS/view?usp=drivesdk
,Matt Mason,RS,Rock Stars,"Ash Wednesday, Working at the Group Home","""this bubble
with a choir
lifting joyful noise
across the austerity,
ancient priest
smudging pink-sweatered ladies’ foreheads
while angels
howl, We got the beat!""","MASON-RS-QUOTE IMAGES- Ash Wednesday, Working at the Group Home-2.png",https://drive.google.com/file/d/11NSS3RQtosfGQur9S8fGQDQ7FS-Qi9a5/view?usp=drivesdk,,,,QI,QI,,,,FALSE,,,24224,24224,17354,17354,1,,,,release_year,https://drive.google.com/file/d/11NSS3RQtosfGQur9S8fGQDQ7FS-Qi9a5/view?usp=drivesdk
,Matt Mason,RS,Rock Stars,CALLED BY CHRIST,"""I listen in my car like a
kid again, kneeling at the altar in a white shirt, waiting
for the taste of First Communion,
station to station
as if eternal life comes down to this.""",MASON-RS-QUOTE IMAGES- CALLED BY CHRIST-4.png,https://drive.google.com/file/d/1kRzyiYiYDm2Hq2hectKRibms-9aovPA7/view?usp=drivesdk,,,,QI,QI,,,,FALSE,,,24230,24230,17356,17356,1,,,,release_year,https://drive.google.com/file/d/1kRzyiYiYDm2Hq2hectKRibms-9aovPA7/view?usp=drivesdk
,Matt Mason,RS,Rock Stars,Called by Christ,"""All afternoon
I listen in my car like a
kid again, kneeling at the altar in a white shirt, waiting
for the taste of First Communion,
station to station
as if eternal life comes down to this.
Every one
is fiddle
and twang
and wrong.""",MASON-RS-QUOTE IMAGES-CALLED BY CHRIST-22.png,https://drive.google.com/file/d/1KYiQn8vB-BicN0LLhVG6_5i7KeX5eGxW/view?usp=drivesdk,,,,QI,QI,,,,FALSE,,,24231,24231,17355,17355,1,,,,release_year,https://drive.google.com/file/d/1KYiQn8vB-BicN0LLhVG6_5i7KeX5eGxW/view?usp=drivesdk
,Matt Mason,RS,Rock Stars,DANCING ON THE CEILING,"""my heart crashes
big as oceans, my heart kicks
like a baby inside me
when you come near. """,MASON-RS-QUOTE IMAGES- DANCING ON THE CEILING-24.png,https://drive.google.com/file/d/11X-MlBdP9_5JqAJFzWkxiT8wmX3H1DJ4/view?usp=drivesdk,,,,QI,QI,,,,FALSE,,,24236,24236,17360,17360,1,,,,release_year,https://drive.google.com/file/d/11X-MlBdP9_5JqAJFzWkxiT8wmX3H1DJ4/view?usp=drivesdk
,Matt Mason,RS,Rock Stars,DANCING ON THE CEILING,"""my heart’s skyline
looks like rolling hills under a yawning dusky bruise of sky""",MASON-RS-QUOTE IMAGES-DANCING ON THE CEILING-25.png,https://drive.google.com/file/d/1GeHAYHdntkbfL193RaDJeLZnhP-KRcMc/view?usp=drivesdk,,,,QI,QI,,,,FALSE,,,24234,24234,17359,17359,1,,,,release_year,https://drive.google.com/file/d/1GeHAYHdntkbfL193RaDJeLZnhP-KRcMc/view?usp=drivesdk
,Matt Mason,RS,Rock Stars,Graduation Address To The Kinder Kingdom Awesome Tots Preschool Class of 2023,"""we ain’t born into heroes or born into kings,
because birthing isn’t what writes your careers""",MASON-RS-QUOTE IMAGES-Graduation Address To The Kinder Kingdom Awesome Tots Preschool Class of 2023-4.png,https://drive.google.com/file/d/1C9XcKnWodqMhoSdveY_VMXUH3llBD9qa/view?usp=drivesdk,,,,QI,QI,,,,FALSE,,,24258,24258,17363,17363,1,,,,release_year,https://drive.google.com/file/d/1C9XcKnWodqMhoSdveY_VMXUH3llBD9qa/view?usp=drivesdk
,Matt Mason,RS,Rock Stars,GRADUATION ADDRESS TO THE KINDER KINGDOM AWESOME TOTS PRESCHOOL CLASS OF 2023,"""This
is a superficial world, you little dimplemongers,
and we only have a dollhouse-sized window to feel that special""",MASON-RS-QUOTE IMAGES-GRADUATION ADDRESS TO THE KINDER KINGDOM AWESOME TOTS PRESCHOOL CLASS OF 2023-7.png,https://drive.google.com/file/d/1Kez5t-uWD_3Zx3Nxr0A9ldAmjvh7rpTl/view?usp=drivesdk,,,,QI,QI,,,,FALSE,,,24259,24259,17364,17364,1,,,,release_year,https://drive.google.com/file/d/1Kez5t-uWD_3Zx3Nxr0A9ldAmjvh7rpTl/view?usp=drivesdk
,Matt Mason,RS,Rock Stars,HEARING THAT SONG AFTER TEN YEARS,"""It’s astounding
what we let ourselves lose;
that music,
like a warm kiss on your ear,
like shivers that strum down your neck;""",MASON-RS-QUOTE IMAGES-HEARING THAT SONG AFTER TEN YEARS-10.png,https://drive.google.com/file/d/1bP902sDzZE7qwvw5xnXxAjpRGHdZhUeV/view?usp=drivesdk,,,,QI,QI,,,,FALSE,,,24275,24275,17367,17367,1,,,,release_year,https://drive.google.com/file/d/1bP902sDzZE7qwvw5xnXxAjpRGHdZhUeV/view?usp=drivesdk
,Matt Mason,RS,Rock Stars,HEARING THAT SONG AFTER TEN YEARS,"""you mumble,
'forgive me,
forgive
me,'
as you forget
who you pray to
tonight.""",MASON-RS-QUOTE IMAGES-HEARING THAT SONG AFTER TEN YEARS-27.png,https://drive.google.com/file/d/1uwPT_muyLSodevO_1Dx5WZQOSadr9LVn/view?usp=drivesdk,,,,QI,QI,,,,FALSE,,,24270,24270,17368,17368,1,,,,release_year,https://drive.google.com/file/d/1uwPT_muyLSodevO_1Dx5WZQOSadr9LVn/view?usp=drivesdk
,Matt Mason,RS,Rock Stars,HEARING THAT SONG AFTER TEN YEARS,"""how do you forget,
how does some experience
leave your body
like the sunlight drips dark to the horizon""",MASON-RS-QUOTE IMAGES-HEARING THAT SONG AFTER TEN YEARS-5.png,https://drive.google.com/file/d/1qYzMT7o-EVmKB4hRAJfdVZBdlEi1e7lW/view?usp=drivesdk,,,,QI,QI,,,,FALSE,,,24271,24271,17369,17369,1,,,,release_year,https://drive.google.com/file/d/1qYzMT7o-EVmKB4hRAJfdVZBdlEi1e7lW/view?usp=drivesdk
,Matt Mason,RS,Rock Stars,I Want To Hear Some Poems,"I’m not asking a poem to save my soul, but
sometimes I want poems to remind me I’ve got something
worth saving and maybe point me
a way to start;""",MASON-RS-QUOTE IMAGES- I Want To Hear Some Poems-15.png,https://drive.google.com/file/d/1Z-2Uhehqy573rcC0pRhEhE8BRDJc4gRd/view?usp=drivesdk,,,,QI,QI,,,,FALSE,,,24297,24297,17374,17374,1,,,,release_year,https://drive.google.com/file/d/1Z-2Uhehqy573rcC0pRhEhE8BRDJc4gRd/view?usp=drivesdk
,Matt Mason,RS,Rock Stars,I Want to Hear Some Poems,"""I want your punch lines tiptoeing like ninjas
so I feel the joke before I have a chance to see it,""",MASON-RS-Quote Images-I want to hear some poems-1.png,https://drive.google.com/file/d/11_ZUHwSENgb1feP37DB36uCB6ASkQPw8/view?usp=drivesdk,,,,QI,QI,,,,FALSE,,,24289,24289,17372,17372,1,,,,release_year,https://drive.google.com/file/d/11_ZUHwSENgb1feP37DB36uCB6ASkQPw8/view?usp=drivesdk
,Matt Mason,RS,Rock Stars,I Want To Hear Some Poems,"""I want to know that I got out of bed this morning
for a reason,
I want to see two words rhyme
who never thought of each other that way before,""",MASON-RS-QUOTE IMAGES-I Want To Hear Some Poems-16.png,https://drive.google.com/file/d/1S9O-ICrgDAp1soBE-OEAu6xSivPPb1gK/view?usp=drivesdk,,,,QI,QI,,,,FALSE,,,24290,24290,17375,17375,1,,,,release_year,https://drive.google.com/file/d/1S9O-ICrgDAp1soBE-OEAu6xSivPPb1gK/view?usp=drivesdk
,Matt Mason,RS,Rock Stars,I WANT TO HEAR SOME POEMS,"""give me poems
that sway like fruit
on the centerpiece tree in the Garden of Eden""",MASON-RS-QUOTE IMAGES-I WANT TO HEAR SOME POEMS-2.png,https://drive.google.com/file/d/1j5nekmA3UA9hRbGBhtltRrmRi1S3GaVg/view?usp=drivesdk,,,,QI,QI,,,,FALSE,,,24291,24291,17373,17373,1,,,,release_year,https://drive.google.com/file/d/1j5nekmA3UA9hRbGBhtltRrmRi1S3GaVg/view?usp=drivesdk
,Matt Mason,RS,Rock Stars,IT'S NOT THE COP'S FAULT,"""I can’t deny I was following too close,
but I will not sign your consent to search form;
if you really want me to open up,
you’re going to need a warrant. """,MASON-RS-QUOTE IMAGES-IT'S NOT THE COP'S FAULT-19.png,https://drive.google.com/file/d/1g-70BjmKi1LoVCLbioGbjcl3IuFvhqvv/view?usp=drivesdk,,,,QI,QI,,,,FALSE,,,24305,24305,17381,17381,1,,,,release_year,https://drive.google.com/file/d/1g-70BjmKi1LoVCLbioGbjcl3IuFvhqvv/view?usp=drivesdk
,Matt Mason,RS,Rock Stars,LINES COMPOSED ON SEEING THERE IS AN AUTOGRAPHED COPY OF MY BOOK ON SALE FOR $7.99 AT HALF PRICE BOOKS,"""I fed a book of Gary Snyder’s
to a deer, set a copy
of Marjorie Saiser’s
onto a gravel road in rural Nebraska,
made a drum from Robert Bly,
buried Pattiann Rogers
in the garden
with a row of possum teeth""",MASON-RS-QUOTE IMAGES-LINES COMPOSED ON SEEING THERE IS AN AUTOGRAPHED COPY OF MY BOOK ON SALE FOR $7.99 AT HALF PRICE BOOKS-21.png,https://drive.google.com/file/d/1Qvjw0LmZOaO3d0msRk7lMY6YhU4PVHAw/view?usp=drivesdk,,,,QI,QI,,,,FALSE,,,24314,24314,17384,17384,1,,,,release_year,https://drive.google.com/file/d/1Qvjw0LmZOaO3d0msRk7lMY6YhU4PVHAw/view?usp=drivesdk
,Matt Mason,RS,Rock Stars,MONTAGE!,"""You
are ready to fast forward,
head nodding,
foot tapping,
trying to push
this shit
to get real.""",MASON-RS-QUOTE IMAGES-MONTAGE!-1.png,https://drive.google.com/file/d/1CUUPpAk6sfa8rK-3b_kl1ZNYmhvrChV5/view?usp=drivesdk,,,,QI,QI,,,,FALSE,,,24317,24317,17386,17386,1,,,,release_year,https://drive.google.com/file/d/1CUUPpAk6sfa8rK-3b_kl1ZNYmhvrChV5/view?usp=drivesdk
,Matt Mason,RS,Rock Stars,Montage!,"""Time
is not moving. Some great Pause button
on the universal VHS player
has been pushed. Headlights hang
above the road like lanterns.""",MASON-RS-QUOTE IMAGES-MONTAGE!-11.png,https://drive.google.com/file/d/1kGoa9lDIH679KoHOogAFEdfkSPDppZIM/view?usp=drivesdk,,,,QI,QI,,,,FALSE,,,24316,24316,17385,17385,1,,,,release_year,https://drive.google.com/file/d/1kGoa9lDIH679KoHOogAFEdfkSPDppZIM/view?usp=drivesdk
,Matt Mason,RS,Rock Stars,Ode to the Morning,"""When you
walk out of the bedroom, hair
styled eighties rock
by a pillow somehow,
turned Heart,
turned the high note of “How Do I Get You Alone”
except for the blur
still in your eyes,""",MASON-RS-QUOTE IMAGES- ODE TO THE MORNING-18.png,https://drive.google.com/file/d/1qbg5i3CUcv5PtCXtJDDiNMBn9ml4aF0a/view?usp=drivesdk,,,,QI,QI,,,,FALSE,,,24328,24328,17390,17390,1,,,,release_year,https://drive.google.com/file/d/1qbg5i3CUcv5PtCXtJDDiNMBn9ml4aF0a/view?usp=drivesdk
,Matt Mason,RS,Rock Stars,Ode To The Morning,"""it’s a vision
that turns the cords of nerves strung in my chest
to Christmas lights,
to colors blinking bright
as you
pass
by.""",MASON-RS-QUOTE IMAGES- Ode To The Morning-9.png,https://drive.google.com/file/d/1abXzC4Sw2AKVbLyYkRi8U03GRBitUA14/view?usp=drivesdk,,,,QI,QI,,,,FALSE,,,24324,24324,17389,17389,1,,,,release_year,https://drive.google.com/file/d/1abXzC4Sw2AKVbLyYkRi8U03GRBitUA14/view?usp=drivesdk
,Matt Mason,RS,Rock Stars,RAPTURE,"""you could let it all go,
and who would care,
could carpe all the damn diem you dare""",MASON-RS-QUOTE IMAGES-RAPTURE-3.png,https://drive.google.com/file/d/1PcZLJDCeO3Qsj4WshebOmhBARy5JJrGm/view?usp=drivesdk,,,,QI,QI,,,,FALSE,,,24333,24333,17392,17392,1,,,,release_year,https://drive.google.com/file/d/1PcZLJDCeO3Qsj4WshebOmhBARy5JJrGm/view?usp=drivesdk
,Matt Mason,RS,Rock Stars,THINGS TO DO WITH A TITLE BELT,"""I know how days can change,
how one shift in weather
and your car’s under a tree,
family converts to wild religions, country goes too hastily into wars,
economies collapse, moths eat your best jacket""",MASON-RS-QUOTE IMAGES- THINGS TO DO WITH A TITLE BELT-20.png,https://drive.google.com/file/d/1Wd5yX0Jd0ZEVXNJuyXrMMehEWon8vIAI/view?usp=drivesdk,,,,QI,QI,,,,FALSE,,,24371,24371,17398,17398,1,,,,release_year,https://drive.google.com/file/d/1Wd5yX0Jd0ZEVXNJuyXrMMehEWon8vIAI/view?usp=drivesdk
,Matt Mason,RS,Rock Stars,THINGS TO DO WITH A TITLE BELT,"""nothing lasts
long enough
but what you
put in the legwork,
the armwork, the headwork, the hipwork
to make, for its time,
true.""",MASON-RS-QUOTE IMAGES- THINGS TO DO WITH A TITLE BELT-8.png,https://drive.google.com/file/d/1egLalxLWaLHg0YNnmI4DoKltV20XfOfu/view?usp=drivesdk,,,,QI,QI,,,,FALSE,,,24369,24369,17396,17396,1,,,,release_year,https://drive.google.com/file/d/1egLalxLWaLHg0YNnmI4DoKltV20XfOfu/view?usp=drivesdk
,Matt Mason,RS,Rock Stars,Total Eclipse,"""I turned fifteen in 1983,
every now and then I fell apart,
I was not living in a powder keg
yet felt like I should have, as,
man, all fifteen-year-olds are giving off sparks,
we don’t dare
let our faces show it,
we keep it
inside, don’t let
the light

shine out,""",MASON-RS-QUOTE IMAGES- TOTAL ECLIPSE-23.png,https://drive.google.com/file/d/10Co9IAA_fblII777ibCuwUSiZeEVcCes/view?usp=drivesdk,,,,QI,QI,,,,FALSE,,,24379,24379,17402,17402,1,,,,release_year,https://drive.google.com/file/d/10Co9IAA_fblII777ibCuwUSiZeEVcCes/view?usp=drivesdk
,Matt Mason,RS,Rock Stars,TOTAL ECLIPSE,""" the gymnast in my soul
bends back, then crouches, then leaps
with such grace""",MASON-RS-QUOTE IMAGES-TOTAL ECLIPSE-3.png,https://drive.google.com/file/d/1aHHiiRD1_JcNLVMLLGo0OcLmVuhTPqkz/view?usp=drivesdk,,,,QI,QI,,,,FALSE,,,24380,24380,17399,17399,1,,,,release_year,https://drive.google.com/file/d/1aHHiiRD1_JcNLVMLLGo0OcLmVuhTPqkz/view?usp=drivesdk
,Matt Mason,RS,Rock Stars,TOTAL ECLIPSE,"""you don’t suspect
the opera,
the spectacle,
the fireworks
happening in the driver’s seat next to you""",MASON-RS-QUOTE IMAGES-TOTAL ECLIPSE-6.png,https://drive.google.com/file/d/1X1DhS3YBChZryLHW4oL-_ZLwrvWBv0nC/view?usp=drivesdk,,,,QI,QI,,,,FALSE,,,24381,24381,17400,17400,1,,,,release_year,https://drive.google.com/file/d/1X1DhS3YBChZryLHW4oL-_ZLwrvWBv0nC/view?usp=drivesdk
,Matt Mason,RS,Rock Stars,Why Instead of Begging My Mom For Extra Allowance Money So I Could Buy A Record Album I Should Have Declared Vendetta On The Electric Light Orchestra,"""I was in love with a girl.
And I can say this with absolute certainty,
as I was in eighth grade,
and eighth graders know what love is""",MASON-RS-QUOTE IMAGES- Why Instead of Begging My Mom For Extra Allowance Money So I Could Buy A Record Album I Should Have Declared Vendetta On The Electric Light Orchestra-13.png,https://drive.google.com/file/d/1bsdyJwycp2Oriy-LZyDP_SbNP1-cKP4I/view?usp=drivesdk,,,,QI,QI,,,,FALSE,,,24395,24395,17406,17406,1,,,,release_year,https://drive.google.com/file/d/1bsdyJwycp2Oriy-LZyDP_SbNP1-cKP4I/view?usp=drivesdk
,Matt Mason,RS,Rock Stars,Why Instead of Begging My Mom For Extra Allowance Money So I Could Buy A Record Album I Should Have Declared Vendetta On The Electric Light Orchestra,"""DJs are not waiting like archangels
to set the cosmos off their turntable wobble; they
tie up the request line talking to their girls,
making promises
that sound too much
like pop songs""",MASON-RS-QUOTE IMAGES-Why Instead of Begging My Mom For Extra Allowance Money So I Could Buy A Record Album I Should Have Declared Vendetta On The Electric Light Orchestra-17.png,https://drive.google.com/file/d/1g4B0tDCLLMzyjTQQXLZobYa8--0cTYiy/view?usp=drivesdk,,,,QI,QI,,,,FALSE,,,24396,24396,17404,17404,1,,,,release_year,https://drive.google.com/file/d/1g4B0tDCLLMzyjTQQXLZobYa8--0cTYiy/view?usp=drivesdk
,Matt Mason,RS,Rock Stars,WILLIAM BLAKE'S WINDOW,"""we sit tired
of the little gospels
we script to crisp and tidy papers,
our windows filled
only with moonlight,
dark fields.""",MASON-RS-QUOTE IMAGES- WILLIAM BLAKE'S WINDOW-5.png,https://drive.google.com/file/d/1ZRZQOqzD0xNhDHZQZ4R35-MfCnVSW7cU/view?usp=drivesdk,,,,QI,QI,,,,FALSE,,,24401,24401,17409,17409,1,,,,release_year,https://drive.google.com/file/d/1ZRZQOqzD0xNhDHZQZ4R35-MfCnVSW7cU/view?usp=drivesdk
,Matt Mason,RS,Rock Stars,WILLIAM BLAKE'S WINDOW,"""share your chapters; O, William,
burning bright,
we hold up
lighters for you,
call for encores""",MASON-RS-QUOTE IMAGES-WILLIAM BLAKE'S WINDOW-26.png,https://drive.google.com/file/d/1mKgEsFJTINRPMsPJxhPw3Pj_7Sm0mPF4/view?usp=drivesdk,,,,QI,QI,,,,FALSE,,,24399,24399,17407,17407,1,,,,release_year,https://drive.google.com/file/d/1mKgEsFJTINRPMsPJxhPw3Pj_7Sm0mPF4/view?usp=drivesdk
,Matt Mason,RS,Rock Stars,WILLIAM BLAKE'S WINDOW,"""your words turn
untamed, snarl across anthologies
at sycophants and confessionals, claw
at pages where only lion tamers
like Shelley or Coleridge dare""",MASON-RS-QUOTE IMAGES-WILLIAM BLAKE'S WINDOW-6.png,https://drive.google.com/file/d/1shIhl4o3nz5jYIeuYNiwii_BjTh6xqOM/view?usp=drivesdk,,,,QI,QI,,,,FALSE,,,24400,24400,17408,17408,1,,,,release_year,https://drive.google.com/file/d/1shIhl4o3nz5jYIeuYNiwii_BjTh6xqOM/view?usp=drivesdk
,Matthew Hutchins,PBC,Poetry By Chance,"""MY FATHER IS A SILENT BLESSING""","""In his home, you had to learn I love you was a tank of gas, a copy of the new Harry Potter brought home in his UAW lunchbox.""",HUTCHINS- PBCA - Quote Images - MY FATHER IS A SILENT BLESSING.png,https://drive.google.com/file/d/11kUMNBvpZzByZnDG0MgGQzV_qelKCF5F/view?usp=drivesdk,,,,QI,QI,,,,FALSE,,,24448,24448,17435,17435,1,,,,release_year,https://drive.google.com/file/d/11kUMNBvpZzByZnDG0MgGQzV_qelKCF5F/view?usp=drivesdk
,Matthew Hutchins,PBC,Poetry By Chance,my father is a silent blessing,"""My father is a silent blessing. A lily in oak's bark. For all his strength, conversation is the only thing he can't seem to carry.""",Hutchins-PBC-Quote images-my father is a silent blessing-3.png,https://drive.google.com/file/d/1Kjs38zrnycN8Sbto9bMZokjgpngtNJas/view?usp=drivesdk,,,,QI,QI,,,,FALSE,,,24449,24449,17437,17437,1,,,,release_year,https://drive.google.com/file/d/1Kjs38zrnycN8Sbto9bMZokjgpngtNJas/view?usp=drivesdk
,Megan Forro,PBC,Poetry By Chance,DEATH IS A BURNING CURSE,"""I touch my mom's stomach You aren't there anymore, you already left.""",Forro-PBC-Quote images-Death is a burning curse-7.png,https://drive.google.com/file/d/1RBCghaQ5XCqgKwFjqPhd_vLdGFOke4oS/view?usp=drivesdk,,,,QI,QI,,,,FALSE,,,24704,24704,17640,17640,1,,,,release_year,https://drive.google.com/file/d/1RBCghaQ5XCqgKwFjqPhd_vLdGFOke4oS/view?usp=drivesdk
,Megan Forro,PBC,Poetry By Chance,DEATH IS A BURNING CURSE,"""A candle's light flickers across you casket; A symbol of should have been""",FORRO-PBCA-Quote Images- DEATH IS A BURNING CURSE- 2.png,https://drive.google.com/file/d/1aB2q1Kx2cfv__HixJbx9tCqb5VYvbWgy/view?usp=drivesdk,,,,QI,QI,,,,FALSE,,,24705,24705,17641,17641,1,,,,release_year,https://drive.google.com/file/d/1aB2q1Kx2cfv__HixJbx9tCqb5VYvbWgy/view?usp=drivesdk
,Nancy Cummins Bierman,PBC,Poetry By Chance,Foolish,An obstinate epiphany Hope,NANCY CUMMINS BIERMAN - PBC - Quote Images - FOOLISH - 1.png,https://drive.google.com/file/d/10HcBnlTvHYv5pQJ06uOzXTJPCnodUaEg/view?usp=drivesdk,,,,QI,,,,,,,,26924,26924,19119,19119,1,,,,release_year,https://drive.google.com/file/d/10HcBnlTvHYv5pQJ06uOzXTJPCnodUaEg/view?usp=drivesdk
,Natasha T. Miller,,,Ten Things You Sound Like When You Say AllLivesMatter in Response to BlackLivesMatter”,“It sounds racist. It sounds inhumane. It sounds like you tryin’ to choke us with our own grief.”,Miller - BUTC - Quote Image - The question is kindness.png,https://drive.google.com/file/d/1OBYYYtOP-9Gahzt6cNdsViuq7X53OyKp/view?usp=drivesdk,,,,QI,,,,,,,,27212,27212,19307,19307,1,,,,"release_year, book_shortener, book_title",https://drive.google.com/file/d/1OBYYYtOP-9Gahzt6cNdsViuq7X53OyKp/view?usp=drivesdk
,Natasha T. Miller,,,Ten Things You Sound Like When You Say AllLivesMatter in Response to BlackLivesMatter”,"“When I say Black Lives Matter and you say all lives matter, it sounds like…”",Miller - BUTC - Quote Image - The question is me.png,https://drive.google.com/file/d/1jfR0rHXDiYxi6SAui0ihRZz4NKnxlDCZ/view?usp=drivesdk,,,,QI,,,,,,,,27213,27213,19308,19308,1,,,,"release_year, book_shortener, book_title",https://drive.google.com/file/d/1jfR0rHXDiYxi6SAui0ihRZz4NKnxlDCZ/view?usp=drivesdk
,Natasha T. Miller,,,The Other Black Man (Rustbelt 2014),Sam Cook // “Flatland” (Poetry Observed),Miller - BUTC - Quote Image - Success is not.png,https://drive.google.com/file/d/1_cfoyH8KvuUdK3fxwIROFzf97yd1rRyy/view?usp=drivesdk,,,,QI,,,,,,,,27255,27255,19344,19344,1,,,,"release_year, book_shortener, book_title",https://drive.google.com/file/d/1_cfoyH8KvuUdK3fxwIROFzf97yd1rRyy/view?usp=drivesdk
,Natasha T. Miller,,,“A Poem to Marcus”,"“You got me answering my phone like Marcus, got me wishing Marcus could still answer his phone, wishin you was about to pull up, but you ain’t pullin up late no more.”",Miller - BUTC - Quote Image - A half-labeled jar.png,https://drive.google.com/file/d/1Znj9UZ5GM81UZVdAxtugfTXu3TKdTuPe/view?usp=drivesdk,,,,QI,,,,,,,,27007,27007,19192,19192,1,,,,"release_year, book_shortener, book_title",https://drive.google.com/file/d/1Znj9UZ5GM81UZVdAxtugfTXu3TKdTuPe/view?usp=drivesdk
,Natasha T. Miller,,,“Blue Ivy”,“Blue Ivy turns 10 and Google searches herself for the first time while her mother and father are away.”,Miller - BUTC - Quote Image - To know that love.png,https://drive.google.com/file/d/1FiYBzmGTjf248MBVkxl-_UqkWWTZ6BGa/view?usp=drivesdk,,,,QI,,,,,,,,27031,27031,19214,19214,1,,,,"release_year, book_shortener, book_title",https://drive.google.com/file/d/1FiYBzmGTjf248MBVkxl-_UqkWWTZ6BGa/view?usp=drivesdk
,Natasha T. Miller,,,“Family Reunion”,"“When their sons have stopped asking when they’re coming back home, when the rest in peace shirts are too faded to remember who you were remembering, who were you remembering?”",Miller - BUTC - Quote Image - How many days.png,https://drive.google.com/file/d/1HtP3lC-sqOrdFlGaNc6hR27jwcUxmiTp/view?usp=drivesdk,,,,QI,,,,,,,,27058,27058,19230,19230,1,,,,"release_year, book_shortener, book_title",https://drive.google.com/file/d/1HtP3lC-sqOrdFlGaNc6hR27jwcUxmiTp/view?usp=drivesdk
,Natasha T. Miller,,,“Family Reunion”,“when they can no longer see your wounds they expect you to no longer look like shit.”,Miller - BUTC - Quote Image - You have to go.png,https://drive.google.com/file/d/1iBF-8-jnr-plGNfiZX5kjoSbClAxkvHp/view?usp=drivesdk,,,,QI,,,,,,,,27059,27059,19227,19227,1,,,,"release_year, book_shortener, book_title",https://drive.google.com/file/d/1iBF-8-jnr-plGNfiZX5kjoSbClAxkvHp/view?usp=drivesdk
,Natasha T. Miller,,,“Grace and Grief”,"“Grief is more contagious than joy. It is much easier to share sadness then it is to be responsible for making someone else happy, easier to hand our baggage to the people we love than move through the world freely.”",Miller - BUTC - Quote Image - It's like opening the fridge.png,https://drive.google.com/file/d/18uw2LmdeLhe_CXo1K1ccql01td4S8IIV/view?usp=drivesdk,,,,QI,,,,,,,,27087,27087,19247,19247,1,,,,"release_year, book_shortener, book_title",https://drive.google.com/file/d/18uw2LmdeLhe_CXo1K1ccql01td4S8IIV/view?usp=drivesdk
,Natasha T. Miller,,,“How to Come Out and Stay Out”,"“Look down at your wrist, know exactly what time it was when God treated you like a joke.”",Miller - BUTC - Quote Image - Tell the kid.png,https://drive.google.com/file/d/1z5DFqsaY6fjymvGmksWd7ddCk3w0DK_j/view?usp=drivesdk,,,,QI,,,,,,,,27099,27099,19255,19255,1,,,,"release_year, book_shortener, book_title",https://drive.google.com/file/d/1z5DFqsaY6fjymvGmksWd7ddCk3w0DK_j/view?usp=drivesdk
,Natasha T. Miller,,,“How to Come Out and Stay Out”,“Tell the kid curious about your gender that you are not a boy or a girl.” [FB],Miller - BUTC - Quote Image - They will cross.png,https://drive.google.com/file/d/1WWh4rM9lG1hJxFxx2BWbPny1vXJ1OGsc/view?usp=drivesdk,,,,QI,,,,,,,,27100,27100,19256,19256,1,,,,"release_year, book_shortener, book_title",https://drive.google.com/file/d/1WWh4rM9lG1hJxFxx2BWbPny1vXJ1OGsc/view?usp=drivesdk
,Natasha T. Miller,,,“How to Come Out and Stay Out”,"“They will cross streets to not share a sidewalk with you, die of thirst before drinking from a water fountain you’ve used, throw cocktails through your colors.”",Miller - BUTC - Quote Image - When you leave home.png,https://drive.google.com/file/d/1tdhPNslaRyMnqh7Po1dZm2iab0cEgzem/view?usp=drivesdk,,,,QI,,,,,,,,27101,27101,19257,19257,1,,,,"release_year, book_shortener, book_title",https://drive.google.com/file/d/1tdhPNslaRyMnqh7Po1dZm2iab0cEgzem/view?usp=drivesdk
,Natasha T. Miller,,,“The Hood be Eating Everything Alive”,"“The hood be eating everything alive, even the babies. So I feed my nephew plants, try to make him smell less bloody.” [FB]",Miller - BUTC - Quote Image - Every time I dream.png,https://drive.google.com/file/d/1D5jRD_l5ZkkNrLSihnWw5_PJfI8W4ipb/view?usp=drivesdk,,,,QI,,,,,,,,27232,27232,19325,19325,1,,,,"release_year, book_shortener, book_title",https://drive.google.com/file/d/1D5jRD_l5ZkkNrLSihnWw5_PJfI8W4ipb/view?usp=drivesdk
,Natasha T. Miller,,,“The Playground is Empty”,"“Two days after my brother died, I peeled myself out of bed to go teach poems to tenth graders, & a week later a girl who had just lost her mother left a note on my desk that only read: ‘thank you, thank you.’” [2ND]",Miller - BUTC - Quote Image - When my city turned.png,https://drive.google.com/file/d/1Z2q0FSoK-yCj83BGI0Qp5reutNld8JGi/view?usp=drivesdk,,,,QI,,,,,,,,27260,27260,19348,19348,1,,,,"release_year, book_shortener, book_title",https://drive.google.com/file/d/1Z2q0FSoK-yCj83BGI0Qp5reutNld8JGi/view?usp=drivesdk
,Natasha T. Miller,,,“They Say”,"“It’s been 1,256 days since my brother was murdered and I haven’t said his name once. I say ‘his’ in every Facebook post and every conversation since his death.”",Miller - BUTC - Quote Image - I'm afraid the more.png,https://drive.google.com/file/d/1gTo2MmQEZT3Xr6qtW5a1cWuPLvmRSsi3/view?usp=drivesdk,,,,QI,,,,,,,,27278,27278,19360,19360,1,,,,"release_year, book_shortener, book_title",https://drive.google.com/file/d/1gTo2MmQEZT3Xr6qtW5a1cWuPLvmRSsi3/view?usp=drivesdk
,Natasha T. Miller,,,“You are Not a Firearm”,"“You are coming home every night with tired hands, achy feet and still reading your children bedtime stories in a language that you've been hiding in your throat all day.”",Miller - BUTC - Quote Image - You deserved this.png,https://drive.google.com/file/d/1W5LPlkLydRIEGBIVBD6W39rFcwPaeQQ3/view?usp=drivesdk,,,,QI,,,,,,,,27312,27312,19380,19380,1,,,,"release_year, book_shortener, book_title",https://drive.google.com/file/d/1W5LPlkLydRIEGBIVBD6W39rFcwPaeQQ3/view?usp=drivesdk
,Neil Hilborn,,,"A Series of Short Poems (In book, title is “Little Poems”)","“Though you chose to die five years ago, Alex, I still write your name on chalkboards and stray sheets of paper. I always leave out the E. I am not finished with you yet.”",Neil - OND - Quote Image - Things that I Hope Are True.png,https://drive.google.com/a/buttonpoetry.com/file/d/0B_-uqSs_rEYCaFVhbXJwWEphV2M/view?usp=drivesdk,,,,QI,,,,,,,,28136,"28136, 28142",19918,19918,2,,,,"release_year, book_shortener, book_title",https://drive.google.com/a/buttonpoetry.com/file/d/0B_-uqSs_rEYCaFVhbXJwWEphV2M/view?usp=drivesdk
,Neil Hilborn,,,Deluge,"""Peace is corny, as are
joy, contentment, and a sense
of belonging. It’s actually pretty
frustrating that the only cool
emotions are yearning and a concern
for others.""",Hilborn - AT - Quote Images - DESPITE - 3.png,https://drive.google.com/file/d/1MmNJg6tQL3ZoYW389293RzzF4dKDFXRd/view?usp=drivesdk,,,,QI,,,,,,,,27773,27773,19709,19709,1,,,,"release_year, book_shortener, book_title",https://drive.google.com/file/d/1MmNJg6tQL3ZoYW389293RzzF4dKDFXRd/view?usp=drivesdk
,Neil Hilborn,,,First Impressions Practice,"""I’m the fly
that can’t remember the way it got in
your house, which is to say that I am
constantly smashing myself into everything
that looks like a way out, which is
to say that the first thing I do in any room
is figure out how to leave""",Hilborn - AT - Quote Images - FIRST IMPRESSIONS PRACTICE - 2.png,https://drive.google.com/file/d/15B6v9TXDHVZ2dAI2TdX8mMqpmNf_VXVP/view?usp=drivesdk,,,,QI,,,,,,,,27804,27804,19732,19732,1,,,,"release_year, book_shortener, book_title",https://drive.google.com/file/d/15B6v9TXDHVZ2dAI2TdX8mMqpmNf_VXVP/view?usp=drivesdk
,Neil Hilborn,,,FUTURE TENSE,"For months—years—every time you see her you will want to kiss her. When you do, you will expect pain to come like the old dog you could never bring yourself to put down, but there will be none. You will remind yourself, she will remind you, you will remind each other, that this is for the best, that you are physically incapable of loving one another, and in those moments you will be lying, your heart screaming I CAN I CAN I CAN. But you’ll stay silent.",Neil - The Future - Quote Image - You've never been canoeing.png,https://drive.google.com/a/buttonpoetry.com/file/d/1lLzoQtQrs09LLQ3LBg8479tR5h1_eHI4/view?usp=drivesdk,,,,QI,,,,,,,,27906,27906,19793,19793,1,,,,"release_year, book_shortener, book_title",https://drive.google.com/a/buttonpoetry.com/file/d/1lLzoQtQrs09LLQ3LBg8479tR5h1_eHI4/view?usp=drivesdk
,Neil Hilborn,,,New Chemical,"""So I’ll take the poison
in small doses because it’s the right
poison, and I was full of poison anyway.""",Neil - The Future - Quote Image - If you're bored.png,https://drive.google.com/a/buttonpoetry.com/file/d/1rp-NSTKV-Pe-SvMZ_VKzbjRUf21AdLe3/view?usp=drivesdk,,,,QI,,,,,,,,28283,28283,19999,19999,1,,,,"release_year, book_shortener, book_title",https://drive.google.com/a/buttonpoetry.com/file/d/1rp-NSTKV-Pe-SvMZ_VKzbjRUf21AdLe3/view?usp=drivesdk
,Neil Hilborn,,,OCD,"Did I lock the door? Yes. Did I wash my hands? Yes. But when I saw her, the only thing",Neil - OND - Quote Image - Even in bed.png,https://drive.google.com/a/buttonpoetry.com/file/d/0B_-uqSs_rEYCTkRHc0ViczJ3NXc/view?usp=drivesdk,,,,QI,,,,,,,,28360,"28360, 28383",20053,"20035, 20053",2,,,,"release_year, book_shortener, book_title",https://drive.google.com/a/buttonpoetry.com/file/d/0B_-uqSs_rEYCTkRHc0ViczJ3NXc/view?usp=drivesdk
,Neil Hilborn,,,OCD,"“When we moved in together, she said that she felt safe, like no one would ever rob us because I definitely locked the door 18 times.”",Neil - OND - Quote Image - I knew I had to.png,https://drive.google.com/a/buttonpoetry.com/file/d/0B_-uqSs_rEYCTFctbzExSVhTQlU/view?usp=drivesdk,,,,QI,,,,,,,,28367,"28361, 28367",20041,"20041, 20054",2,,,,"release_year, book_shortener, book_title",https://drive.google.com/a/buttonpoetry.com/file/d/0B_-uqSs_rEYCTFctbzExSVhTQlU/view?usp=drivesdk
,Neil Hilborn,,,"Opportunity, Wake Up","""They still wanted their little buddy to know how alone she never was.""","Hilborn- AT- Quote Image - Opportunity, Wake Up! - 31.png",https://drive.google.com/file/d/1c51ujyMTnNddImA5Z5lcJtABwdQEGih1/view?usp=drivesdk,,,,QI,,,,,,,,28421,28421,20076,20076,1,,,,"release_year, book_shortener, book_title",https://drive.google.com/file/d/1c51ujyMTnNddImA5Z5lcJtABwdQEGih1/view?usp=drivesdk
,Neil Hilborn,,,Sevens Over Kings,"""My heart is so
full, like acid reflux, like the lake is all
the way up its banks and a storm is coming""",Hilborn - AT - Quote Image - Sevens Over Kings - 27.png,https://drive.google.com/file/d/1BYysR5pAoIbhKjHFY9P0vAC3KfoDpoym/view?usp=drivesdk,,,,QI,,,,,,,,28650,28650,20200,20200,1,,,,"release_year, book_shortener, book_title",https://drive.google.com/file/d/1BYysR5pAoIbhKjHFY9P0vAC3KfoDpoym/view?usp=drivesdk
,Neil Hilborn,,,The Future,“The future is a blue sky and a full tank of gas.”,Neil - The Future - Quote Image - I know tomorrow.png,https://drive.google.com/a/buttonpoetry.com/file/d/17pQrfXfNkdqJ5NO3vwWPEPg9stR1fTSO/view?usp=drivesdk,,,,QI,,,,,,,,28811,28811,20277,20277,1,,,,"release_year, book_shortener, book_title",https://drive.google.com/a/buttonpoetry.com/file/d/17pQrfXfNkdqJ5NO3vwWPEPg9stR1fTSO/view?usp=drivesdk
,Neil Hilborn,,,The Future,"“The future is just like gravity: everyone is slowly drifting toward everyone else, we are all going to be part of each other one day”",Neil - The Future - Quote Image - I saw the future.png,https://drive.google.com/a/buttonpoetry.com/file/d/17P0yJH2MisG1wA6n62vac_uFT3ze9sLh/view?usp=drivesdk,,,,QI,,,,,,,,28812,28812,20271,20271,1,,,,"release_year, book_shortener, book_title",https://drive.google.com/a/buttonpoetry.com/file/d/17P0yJH2MisG1wA6n62vac_uFT3ze9sLh/view?usp=drivesdk
,Neil Hilborn,,,The Future,"“When I’m up I don’t kill myself because, holy shit, there’s so much left to do. When I’m down I don’t kill myself because then the sadness would be over, and the sadness is my old paint under the new.”",Neil - The Future - Quote Image - I think a lot about.png,https://drive.google.com/a/buttonpoetry.com/file/d/1pYlAHb-ojJJoC5pJKQ8PUtc6MLm0V4Dm/view?usp=drivesdk,,,,QI,,,,,,,,28813,28813,20283,20283,1,,,,"release_year, book_shortener, book_title",https://drive.google.com/a/buttonpoetry.com/file/d/1pYlAHb-ojJJoC5pJKQ8PUtc6MLm0V4Dm/view?usp=drivesdk
,Neil Hilborn,,,The Future,"“The future has been at war, but it’s coming home so soon”",Neil - The Future - Quote Image - The future is.png,https://drive.google.com/a/buttonpoetry.com/file/d/13lTN8nejsoQyZsFZSlqaHXgR97kyMGYt/view?usp=drivesdk,,,,QI,,,,,,,,28795,28795,20278,20278,1,,,,"release_year, book_shortener, book_title",https://drive.google.com/a/buttonpoetry.com/file/d/13lTN8nejsoQyZsFZSlqaHXgR97kyMGYt/view?usp=drivesdk
,Neil Hilborn,,,The Future,"“I know tomorrow is going to come because I’ve seen it. Sunrise is going to come, all you have to do is wake up.”",Neil - The Future - Quote Image - When I'm up.png,https://drive.google.com/a/buttonpoetry.com/file/d/1_0aniB1fLZ2JAR4xLaMyHPgjQme1rSFe/view?usp=drivesdk,,,,QI,,,,,,,,28787,28787,20280,20280,1,,,,"release_year, book_shortener, book_title",https://drive.google.com/a/buttonpoetry.com/file/d/1_0aniB1fLZ2JAR4xLaMyHPgjQme1rSFe/view?usp=drivesdk
,Neil Hilborn,,,Ugh Forgiveness,"""It’s easier to just stay mad than forgive
her, in the same way that when food
burns my hands I throw it in my mouth.""",Neil - The Future - Quote Image - There should be.png,https://drive.google.com/a/buttonpoetry.com/file/d/1wX1ItB_dTUqGNUSWFV67S5bAE1ESYvLW/view?usp=drivesdk,,,,QI,,,,,,,,28890,28890,20338,20338,1,,,,"release_year, book_shortener, book_title",https://drive.google.com/a/buttonpoetry.com/file/d/1wX1ItB_dTUqGNUSWFV67S5bAE1ESYvLW/view?usp=drivesdk
,Neil Hilborn,,,Ugh Forgiveness,"""If I don’t stop
to breathe I can never truly know
if I’m choking.""",Neil - The Future - Quote Image - What's the word.png,https://drive.google.com/a/buttonpoetry.com/file/d/10OiTGyizppfaWCfhmgqIOxPoXOQV3imA/view?usp=drivesdk,,,,QI,,,,,,,,28891,28891,20337,20337,1,,,,"release_year, book_shortener, book_title",https://drive.google.com/a/buttonpoetry.com/file/d/10OiTGyizppfaWCfhmgqIOxPoXOQV3imA/view?usp=drivesdk
,Neil Hilborn,,,What's Good,"""Most of the world is garbage, so let's talk about what's good.""",Hilborn - AT - Quote Image - When I say loving me is like a brick wall falling on your car in the parking lot of your own damn apartment complex -36.png,https://drive.google.com/file/d/16mMXxCiamNV2BAWbV31qARJcNnua_7Oe/view?usp=drivesdk,,,,QI,,,,,,,,28956,28956,20383,20383,1,,,,"release_year, book_shortener, book_title",https://drive.google.com/file/d/16mMXxCiamNV2BAWbV31qARJcNnua_7Oe/view?usp=drivesdk
,Neil Hilborn,,,“History of Punk Rock”,"“Someone smashed a new ox cart into an old ox cart, and the stage-dive was born.”",Neil - The Future - Quote Image - I know you probably.png,https://drive.google.com/a/buttonpoetry.com/file/d/1Ix2l-ZwI3HUhhua8Q2VsRktsCW2kFA92/view?usp=drivesdk,,,,QI,,,,,,,,27976,27976,19836,19836,1,,,,"release_year, book_shortener, book_title",https://drive.google.com/a/buttonpoetry.com/file/d/1Ix2l-ZwI3HUhhua8Q2VsRktsCW2kFA92/view?usp=drivesdk
,Neil Hilborn,,,“Joey Forgets”,“Breathe too hard and you’ll make a cloud.”,Neil - The Future - Quote Image - Who am I to say.png,https://drive.google.com/a/buttonpoetry.com/file/d/1MHc6-DvFmuTqKl2MjwnwqyGvKiTpIY1f/view?usp=drivesdk,,,,QI,,,,,,,,28060,28060,19896,19896,1,,,,"release_year, book_shortener, book_title",https://drive.google.com/a/buttonpoetry.com/file/d/1MHc6-DvFmuTqKl2MjwnwqyGvKiTpIY1f/view?usp=drivesdk
,Neil Hilborn,,,"“Me, But Happy”","“The best part about being in love with you is that I never HAVE to brush my teeth, but gosh darn it do I want to.”",Neil - The Future - Quote Image - Have you ever smashed.png,https://drive.google.com/a/buttonpoetry.com/file/d/1_Hscd8jZ9AcLTGwjV2Yy6JEfKQ3y3ztB/view?usp=drivesdk,,,,QI,,,,,,,,28210,28210,19957,19957,1,,,,"release_year, book_shortener, book_title",https://drive.google.com/a/buttonpoetry.com/file/d/1_Hscd8jZ9AcLTGwjV2Yy6JEfKQ3y3ztB/view?usp=drivesdk
,Neil Hilborn,,,"“Me, But Happy”",“The new way to say ‘I love you’ is to just ram our foreheads together.”,Neil - The Future - Quote Image - I don't know why.png,https://drive.google.com/a/buttonpoetry.com/file/d/1FUSIdngYzXGUYX0_Oq8woy5Lab4dwGuH/view?usp=drivesdk,,,,QI,,,,,,,,28211,28211,19951,19951,1,,,,"release_year, book_shortener, book_title",https://drive.google.com/a/buttonpoetry.com/file/d/1FUSIdngYzXGUYX0_Oq8woy5Lab4dwGuH/view?usp=drivesdk
,Neil Hilborn,,,"“Me, But Happy”","“We can’t really be sad if we’re both sad in the same place, right?” [2ND]",Neil - The Future - Quote Image - I want to thank you.png,https://drive.google.com/a/buttonpoetry.com/file/d/1vEQO96-azc42QOvg4vlMcneexlp01ogH/view?usp=drivesdk,,,,QI,,,,,,,,28212,28212,19962,19962,1,,,,"release_year, book_shortener, book_title",https://drive.google.com/a/buttonpoetry.com/file/d/1vEQO96-azc42QOvg4vlMcneexlp01ogH/view?usp=drivesdk
,Neil Hilborn,,,"“Me, But Happy”","“When I’m around you it’s like I’m full of electricity, but in a fun, non-lethal way that’s possibly giving me a boner.”",Neil - The Future - Quote Image - I've never made out with Jesus.png,https://drive.google.com/a/buttonpoetry.com/file/d/1uh8ZSuewGa1aUlaQa4d5VUHR7kLIEC-f/view?usp=drivesdk,,,,QI,,,,,,,,28213,28213,19947,19947,1,,,,"release_year, book_shortener, book_title",https://drive.google.com/a/buttonpoetry.com/file/d/1uh8ZSuewGa1aUlaQa4d5VUHR7kLIEC-f/view?usp=drivesdk
,Neil Hilborn,,,“Memorial Day”,"“The old, lesbian couple is sitting in the park overlooking Saint Paul. They are holding hands as though one, or both, of them have cancer.”",Neil - OND - Quote Image - I am sitting in this park.png,https://drive.google.com/a/buttonpoetry.com/file/d/0B_-uqSs_rEYCNEhfd3MyaVRiZkk/view?usp=drivesdk,,,,QI,,,,,,,,28231,"28231, 28232",19969,"19969, 19970",2,,,,"release_year, book_shortener, book_title",https://drive.google.com/a/buttonpoetry.com/file/d/0B_-uqSs_rEYCNEhfd3MyaVRiZkk/view?usp=drivesdk
,Neil Hilborn,,,“MSP PHI LGA ALB PHI MSP”,"“How miraculous that I can go basically anywhere. How miraculous, the doors, the wings, the recycled air. How miraculous, flight is just a fall that never finds the ground.”",Neil - OND - Quote Image - Pretension can.png,https://drive.google.com/a/buttonpoetry.com/file/d/0B_-uqSs_rEYCXy04QzNLaVJxem8/view?usp=drivesdk,,,,QI,,,,,,,,28267,"27574, 28267",19579,"19576, 19579",2,,,,"release_year, book_shortener, book_title",https://drive.google.com/a/buttonpoetry.com/file/d/0B_-uqSs_rEYCXy04QzNLaVJxem8/view?usp=drivesdk
,Neil Hilborn,,,"“Ode to the Gaslight Anthem, Ending in Hospital Bills”",“No matter where you drive it’s always into the sun and the sun doesn’t bat its eyes at you the way it used to.”,Neil - The Future - Quote Image - In you somewhere.png,https://drive.google.com/a/buttonpoetry.com/file/d/117F2mc09f-r_qKzQjUI_8dPs_b1rbjg_/view?usp=drivesdk,,,,QI,,,,,,,,28401,28401,20065,20065,1,,,,"release_year, book_shortener, book_title",https://drive.google.com/a/buttonpoetry.com/file/d/117F2mc09f-r_qKzQjUI_8dPs_b1rbjg_/view?usp=drivesdk
,Neil Hilborn,,,"“Ode to the Gaslight Anthem, Ending in Hospital Bills”","“Isn’t that what it means to stop running away? Stranding yourself somewhere so hard that it has to work, it has to, and if it doesn’t there’s only back south or the snow.” [FB]",Neil - The Future - Quote Image - No matter where you drive.png,https://drive.google.com/a/buttonpoetry.com/file/d/19bj1ys-77Z20pP9vooUU3rC9MmzG5Dz6/view?usp=drivesdk,,,,QI,,,,,,,,28400,28400,20064,20064,1,,,,"release_year, book_shortener, book_title",https://drive.google.com/a/buttonpoetry.com/file/d/19bj1ys-77Z20pP9vooUU3rC9MmzG5Dz6/view?usp=drivesdk
,Neil Hilborn,,,"“Psalm 12, in Which the Author Alienates His Audience”","“Cats are like if a cuddlier animal, say a rabbit or a shark, were very intent on breaking all of your shit.”",Neil - The Future - Quote Image - I no longer.png,https://drive.google.com/a/buttonpoetry.com/file/d/1r6vMHjDPEtlt3t3CTtpSgJzjB6Z-cKIM/view?usp=drivesdk,,,,QI,,,Y,,,,,28557,28557,20142,20142,1,,Y,,"release_year, book_shortener, book_title",https://drive.google.com/a/buttonpoetry.com/file/d/1r6vMHjDPEtlt3t3CTtpSgJzjB6Z-cKIM/view?usp=drivesdk
,Neil Hilborn,,,“The Door”,"“The hard part, probably, is admitting that I really can’t handle it anymore.”",Neil - The Future - Quote Image - I threw money.png,https://drive.google.com/a/buttonpoetry.com/file/d/1-DorELGl6g1hK6_xwg6CXV75waVVsWV1/view?usp=drivesdk,,,,QI,,,,,,,,28738,28738,20241,20241,1,,,,"release_year, book_shortener, book_title",https://drive.google.com/a/buttonpoetry.com/file/d/1-DorELGl6g1hK6_xwg6CXV75waVVsWV1/view?usp=drivesdk
,Neil Hilborn,,,“The Door”,"“The text message is a light bulb on a bad wire, I start typing and the ellipses flicker.”",Neil - The Future - Quote Image - The hard part.png,https://drive.google.com/a/buttonpoetry.com/file/d/1IZqi0_fGq3aVycuWklqwhz8gq6nyGboM/view?usp=drivesdk,,,,QI,,,,,,,,28739,28739,20257,20257,1,,,,"release_year, book_shortener, book_title",https://drive.google.com/a/buttonpoetry.com/file/d/1IZqi0_fGq3aVycuWklqwhz8gq6nyGboM/view?usp=drivesdk
,Neil Hilborn,,,“The Door”,“There’s only one way left to talk about being sad that won’t make me more sad.”,Neil - The Future - Quote Image - Tomorrow is a lease.png,https://drive.google.com/a/buttonpoetry.com/file/d/1fBddi-Q_N43s6ksEtcEYkWHTQG6jJc8o/view?usp=drivesdk,,,,QI,,,,,,,,28740,28740,20258,20258,1,,,,"release_year, book_shortener, book_title",https://drive.google.com/a/buttonpoetry.com/file/d/1fBddi-Q_N43s6ksEtcEYkWHTQG6jJc8o/view?usp=drivesdk
,Neil Hilborn,,,“The Future”,“The future is a blue sky and a full tank of gas.”,Neil - The Future - Quote Image - Here is a list.png,https://drive.google.com/a/buttonpoetry.com/file/d/1ata3g1NYNhgyR7LBOjN3gQ9P7YYcRSa8/view?usp=drivesdk,,,,QI,,,,,,,,28810,28810,20277,20277,1,,,,"release_year, book_shortener, book_title",https://drive.google.com/a/buttonpoetry.com/file/d/1ata3g1NYNhgyR7LBOjN3gQ9P7YYcRSa8/view?usp=drivesdk
,Olivia Gatwood,,,At The Owl,"“I work with women who have crowbars for backbones, iron plates on the soles of their feet.”",Olivia - NABF - Quote Image - [I work with women who have crowbars for backbones].png,https://drive.google.com/a/buttonpoetry.com/file/d/0B_-uqSs_rEYCd3E4d0pqTGdLZU0/view?usp=drivesdk,,,,QI,,,,,,,,29374,"29371, 29374",20666,"20666, 20668",2,,,,"release_year, book_shortener, book_title",https://drive.google.com/a/buttonpoetry.com/file/d/0B_-uqSs_rEYCd3E4d0pqTGdLZU0/view?usp=drivesdk
,Olivia Gatwood,,,Directives,“Fear is marching next to the enemy but shooting at a stranger.”,Olivia - NABF - Quote Image - [Fear is a loaded barrel].png,https://drive.google.com/a/buttonpoetry.com/file/d/0B_-uqSs_rEYCWEJ6ZWZJdkxMcTg/view?usp=drivesdk,,,,QI,,,,,,,,29421,29421,20692,20692,1,,,,"release_year, book_shortener, book_title",https://drive.google.com/a/buttonpoetry.com/file/d/0B_-uqSs_rEYCWEJ6ZWZJdkxMcTg/view?usp=drivesdk
,Olivia Gatwood,,,Directives,"“When he doesn’t respond to the sound of your voice remember, he has forgotten the sound of his wife’s.”",Olivia - NABF - Quote Image - [It is easy to hurt someone who looks just like you].png,https://drive.google.com/a/buttonpoetry.com/file/d/0B_-uqSs_rEYCX3c2STJ3bmhmRk0/view?usp=drivesdk,,,,QI,,,,,,,,29422,"29422, 29423",20693,"20693, 20694",2,,,,"release_year, book_shortener, book_title",https://drive.google.com/a/buttonpoetry.com/file/d/0B_-uqSs_rEYCX3c2STJ3bmhmRk0/view?usp=drivesdk
,Olivia Gatwood,NABF,,“Port of Spain,"""they kept calling this place an island they kept saying we were floating / & small""",Gatwood - NABF - INT - & America became.jpg,https://drive.google.com/file/d/1noVjB7o7tFRX0VilffiU2V241BMgVXrY/view?usp=drivesdk,,,,QI,QI,,,,FALSE,,,29632,29632,20792,20792,1,,,,"release_year, book_title",https://drive.google.com/file/d/1noVjB7o7tFRX0VilffiU2V241BMgVXrY/view?usp=drivesdk
,Ollie Schminkey,,,Contrapuntal: The Hunter (slash) The Alcoholic,"""""My father didn't exist before the bottle. The disease was alcoholism killing him.""""",SCHMINKEY - WIDT - Quote Images - controversial opinion in defense of speaking ill of the dead - 6.png,https://drive.google.com/file/d/10jvk4SR8nLMPoci45y67AugY_PHjZp9Q/view?usp=drivesdk,,,,QI,,,,,,,,29908,29908,20963,20963,1,,,,"release_year, book_shortener, book_title",https://drive.google.com/file/d/10jvk4SR8nLMPoci45y67AugY_PHjZp9Q/view?usp=drivesdk
,Ollie Schminkey,,,Everyone Tells Me That My Dad Will Always Be Watching Over Me,"""The first I thing said was, 'I love you dad, but couldn't you have died the day before I had to touch your dick?'""",SCHMINKEY - WIDT - Quote Images - everything is gorgeous but i am always stepping out of the shower already drenched in sweat - 4.png,https://drive.google.com/file/d/1pXntv0HtV9g-l9lijY9i0thiN_FM_-ds/view?usp=drivesdk,,,,QI,,,,,,,,29959,29959,20998,20998,1,,,,"release_year, book_shortener, book_title",https://drive.google.com/file/d/1pXntv0HtV9g-l9lijY9i0thiN_FM_-ds/view?usp=drivesdk
,Ollie Schminkey,,,Golden Shovel with Michael Lee's 'The Study of Words and Heaven',"""Death was a regular child, running through the woods face streaked with dirt.""",SCHMINKEY - WIDT - Quote Images - GUILT - 26.png,https://drive.google.com/file/d/1zWRJ2lWEENb4S8WNkE3_ZSgPa2YTBa-0/view?usp=drivesdk,,,,QI,,,,N,,,,30047,30047,21062,21062,1,,,,"release_year, book_shortener, book_title",https://drive.google.com/file/d/1zWRJ2lWEENb4S8WNkE3_ZSgPa2YTBa-0/view?usp=drivesdk
,Ollie Schminkey,,,I Find a Chunk of Bone the Width of My Index Finger,"""On Thursday, I got into a car accident and my hands already started calling him. I hung up before he couldn't answer.""","Schminkey - DDJ - Quote Image - one year, my father died in my hands, and i got a jar of white dust",https://drive.google.com/file/d/1wLfBnckyPWqQYbP3WmC1ZG6mEa45h9w5/view?usp=drivesdk,,,,QI,,,,,,,,30111,30111,21105,21105,1,,,,"release_year, book_shortener, book_title",https://drive.google.com/file/d/1wLfBnckyPWqQYbP3WmC1ZG6mEa45h9w5/view?usp=drivesdk
,Ollie Schminkey,,,I Find a Chunk of Bone the Width of My Index Finger,"""""On Thursday, I got into a car accident, and my hands already started calling him. I hung up before he couldn't answer. I googled what to do instead.""""",SCHMINKEY - WIDT - Quote Images - i look so much like my father - 15.png,https://drive.google.com/file/d/1bYMMGnQvPQ_F6BxLDwyOYoAz_9PVmJ7n/view?usp=drivesdk,,,,QI,,,,,,,,30119,30119,21110,21110,1,,,,"release_year, book_shortener, book_title",https://drive.google.com/file/d/1bYMMGnQvPQ_F6BxLDwyOYoAz_9PVmJ7n/view?usp=drivesdk
,Ollie Schminkey,,,It's Going to Be Okay,"""""I know about death, but I also know about loving someone until the very end.""""",Schminkey - DDJ - Quote Image - i also know about loving someone until the very end,https://drive.google.com/file/d/1QEWv_vVBT4mphJAxYsNUe-rCgTGOrh3h/view?usp=drivesdk,,,,QI,,,,,,,,30294,30294,21226,21226,1,,,,"release_year, book_shortener, book_title",https://drive.google.com/file/d/1QEWv_vVBT4mphJAxYsNUe-rCgTGOrh3h/view?usp=drivesdk
,Ollie Schminkey,,,My Grandmother,"""and she never says the word gay, but she does say
i made some mistakes with your cousin Henry.
she never says gay, but she does say how is Natalie doing?

she never says gay, but she does say special and i missed you
and i want you to know i have always loved you.""",SCHMINKEY - WIDT - Quote Images - my grandmother - 30.png,https://drive.google.com/file/d/12rsnG7gD8rHpH_G5MadtoxBAp_A7V-F1/view?usp=drivesdk,,,,QI,,,,,,,,30371,30371,21277,21277,1,,,,"release_year, book_shortener, book_title",https://drive.google.com/file/d/12rsnG7gD8rHpH_G5MadtoxBAp_A7V-F1/view?usp=drivesdk
,Ollie Schminkey,,,prayer for the winter solstice,"""my wish for you is to sometimes feel the way you felt before you ever knew danger when you flung the door open and you ran not away from or towards anything just to feel your good heart in your good chest.""",SCHMINKEY - WIDT - Quote Images - prayer for the winter solstice - 7.png,https://drive.google.com/file/d/1BaQ8L6j16svViH3HT-BkfnfPSt6QF8S5/view?usp=drivesdk,,,,QI,,,,,,,,30452,30452,21337,21337,1,,,,"release_year, book_shortener, book_title",https://drive.google.com/file/d/1BaQ8L6j16svViH3HT-BkfnfPSt6QF8S5/view?usp=drivesdk
,Ollie Schminkey,,,Sometimes I Want to Hurt People Who Have Hurt Me,"""""The space between them feels like the space between my own fingers where his hand used to fit in mine.""""",Schminkey - DDJ - Quote Image - you belong here with the dying,https://drive.google.com/file/d/1J2h1yn_Fykebb5xae2xxvOQ5A5QOz3tY/view?usp=drivesdk,,,,QI,,,,,,,,30496,30496,21368,21368,1,,,,"release_year, book_shortener, book_title",https://drive.google.com/file/d/1J2h1yn_Fykebb5xae2xxvOQ5A5QOz3tY/view?usp=drivesdk
,Ollie Schminkey,,,That's What You Swallow When You Let Your Graves Overflow,"""His death is the threshold, and you are standing on a faded welcome mat peering through the doorway into someone else's house.""",Schminkey - DDJ - Quote Image - you think about what that means— to die from lack of salt,https://drive.google.com/file/d/1n4UjTNML3XgO_YzMfP9PxIo-V-rDD_kp/view?usp=drivesdk,,,,QI,,,,,,,,30498,30498,21370,21370,1,,,,"release_year, book_shortener, book_title",https://drive.google.com/file/d/1n4UjTNML3XgO_YzMfP9PxIo-V-rDD_kp/view?usp=drivesdk
,Ollie Schminkey,,,The Scab to Peel Back,"""""I don't cry anymore, it is what it is.""""",Schminkey - DDJ - Quote Image - THE SCAB TO PEEL BACK,https://drive.google.com/file/d/1oR6vg3vIa-1JkqD9tTaEcRIztXFUMVp6/view?usp=drivesdk,,,,QI,,,,,,,,30593,30593,21430,21430,1,,,,"release_year, book_shortener, book_title",https://drive.google.com/file/d/1oR6vg3vIa-1JkqD9tTaEcRIztXFUMVp6/view?usp=drivesdk
,Ollie Schminkey,DDJ,Bloodfresh,“A HAND BECOMES”,“i fill a small jar with blood. i fill a small jar with my father’s ashes. i wear them around my neck and feel immortal.”,Schminkey - DDJ - Quote Image - my father is not an organ donor,https://drive.google.com/file/d/1ZSBTG9KKYh_guODM1q4ACuL2mJDEdnuB/view?usp=drivesdk,,,,QI,QI,,,,FALSE,,,29785,29785,20873,20873,1,,,,release_year,https://drive.google.com/file/d/1ZSBTG9KKYh_guODM1q4ACuL2mJDEdnuB/view?usp=drivesdk
,Olympia Miccio,,,“The Gay Poem”,"“You can do better, Eve. Adam doesn’t even buy you nice things, he just bought you a leaf for your hoo-ha.”",Holmon - Quote Image - When you have each.png,https://drive.google.com/a/buttonpoetry.com/file/d/1PFVLkg5a_maTagk64gzERVLgWxldjRXX/view?usp=drivesdk,,,,QI,,,,,,,,30752,30752,21540,21540,1,,,,"release_year, book_shortener, book_title",https://drive.google.com/a/buttonpoetry.com/file/d/1PFVLkg5a_maTagk64gzERVLgWxldjRXX/view?usp=drivesdk
,"Pages Matam, Elizabeth Acevedo, & G. Yamazawa",,,“Unforgettable”,"“Now I call myself Pages, so I can write my own story. It is the only name that I have ever owned.”",HUNTSMAN- PBCA - Quote Images - LOVE IS A FLAWED DANCE.png,https://drive.google.com/file/d/13EZuVxmDO7EoDktpUBkKWBqWKoDB_OdY/view?usp=drivesdk,,,,QI,,,,,,,,31333,31333,21895,21895,1,,,,"release_year, book_shortener, book_title",https://drive.google.com/file/d/13EZuVxmDO7EoDktpUBkKWBqWKoDB_OdY/view?usp=drivesdk
,Patrick Roche,,,Princess,"""Maybe he saw through the masks I built ever since I realized that sometimes it's safer in costume.""",Roche - ASAB - Quote Image - I do not mourn anyone,https://drive.google.com/file/d/1g9E0n8ELUf-AzIvY8_Il3NxXb4ibw10D/view?usp=drivesdk,,,,QI,,,,,,,,31850,31850,22145,22145,1,,,,"release_year, book_shortener, book_title",https://drive.google.com/file/d/1g9E0n8ELUf-AzIvY8_Il3NxXb4ibw10D/view?usp=drivesdk
,Patrick Roche,,,Princess,"""Maybe he looked into my mouth; saw the quivering tongue afraid of betraying years of speech therapy to straighten my lisp.""",Roche - ASAB - Quote Image - I relearn the language of a smile,https://drive.google.com/file/d/153uZKGt7oQAIZoJ1324eF7EKzlFW6Qrg/view?usp=drivesdk,,,,QI,,,,,,,,31851,31851,22249,22249,1,,,,"release_year, book_shortener, book_title",https://drive.google.com/file/d/153uZKGt7oQAIZoJ1324eF7EKzlFW6Qrg/view?usp=drivesdk
,PoetryTeacher,,,Airport Kisses,"""Like me, wanting to wake up dead things, so they can love me again.""",Olayiwola - ISST - Quote Image - Sometimes when I make.png,https://drive.google.com/a/buttonpoetry.com/file/d/1JX6slZE08V3riVP7AnVc3-38Dc8nYGcP/view?usp=drivesdk,,,,QI,,,,,,,,32597,32597,22834,22834,1,,,,"release_year, book_shortener, book_title",https://drive.google.com/a/buttonpoetry.com/file/d/1JX6slZE08V3riVP7AnVc3-38Dc8nYGcP/view?usp=drivesdk
,PoetryTeacher,,,Whole World,"""I did not have the luxury of seven days of creating this. So call me Eden or the flaming sword.""",Olayiwola - ISST - Quote Image - I am the god.png,https://drive.google.com/a/buttonpoetry.com/file/d/11PSm7-D97D8aZnvhOZu2mJcQuba4AjMS/view?usp=drivesdk,,,,QI,,,,,,,,32599,32599,22835,22835,1,,,,"release_year, book_shortener, book_title",https://drive.google.com/a/buttonpoetry.com/file/d/11PSm7-D97D8aZnvhOZu2mJcQuba4AjMS/view?usp=drivesdk
,Rachel Wiley,,,"""Brass Knuckles""",“We are the captains. We are the wind. We are the bounty and the water. We are the siren’s song. We are full steam ahead.”,Wiley - FGFS - Quote Image - We are the captains.png,https://drive.google.com/file/d/1Dzzrj2BvQikP3GC4pBPEQ1eSUnlRDZuY/view?usp=drivesdk,,,,QI,,,,,,,,33318,33318,23334,23334,1,,,,"release_year, book_shortener, book_title",https://drive.google.com/file/d/1Dzzrj2BvQikP3GC4pBPEQ1eSUnlRDZuY/view?usp=drivesdk
,Rachel Wiley,,,Brass Knuckles,“They year of: whoever never told you that you are everything is a fucking liar.”,Wiley - FGFS - Quote Image - Let's name the.png,https://drive.google.com/file/d/1s_qgsgvjlSpXb0lRmP1MZyzhSHPTN05N/view?usp=drivesdk,,,,QI,,,,,,,,33317,33317,23333,23333,1,,,,"release_year, book_shortener, book_title",https://drive.google.com/file/d/1s_qgsgvjlSpXb0lRmP1MZyzhSHPTN05N/view?usp=drivesdk
,Rachel Wiley,,,Dry Cake Wishes and Tap Water Dreams (NPS 2015),“I wish him not exactly love but a like that could be mistaken for love on a slightly overcast day.”,Rachel Wiley - Nothing is Okay - Quote Image - I wish a lifetime.png,https://drive.google.com/a/buttonpoetry.com/file/d/1ws9htP0OaVjXOi85p5f-P_Vz2kFhFZgB/view?usp=drivesdk,,,,QI,,,,,,,,33424,33424,23407,23407,1,,,,"release_year, book_shortener, book_title",https://drive.google.com/a/buttonpoetry.com/file/d/1ws9htP0OaVjXOi85p5f-P_Vz2kFhFZgB/view?usp=drivesdk
,Rachel Wiley,,,Dry Cake Wishes and Tap Water Dreams (NPS 2015),"“I wish him a lifetime of safety and platitudes, a soundtrack of fluorescent lights humming. I do not wish him me, though. Never me again.”",Rachel Wiley - Nothing is Okay - Quote Image - I wish him sex.png,https://drive.google.com/a/buttonpoetry.com/file/d/1bF-wNz3zfBgii39ak_ThyeKcf1uYF8RL/view?usp=drivesdk,,,,QI,,,,,,,,33436,33436,23414,23414,1,,,,"release_year, book_shortener, book_title",https://drive.google.com/a/buttonpoetry.com/file/d/1bF-wNz3zfBgii39ak_ThyeKcf1uYF8RL/view?usp=drivesdk
,Rachel Wiley,,,Dry Cake Wishes and Tap Water Dreams (NPS 2015),"“I wish him a lifetime of safety and platitudes, a soundtrack of fluorescent lights humming. I do not wish him me, though. Never me again.”","Wiley - RB - Quote Image - “A flock of words flew in through her window...""",https://drive.google.com/file/d/1ccPgSHknA7vFFKkWKK6dtS6pGC--SQ0I/view?usp=sharing,,,,QI,,,,,,,,33437,33437,23414,23414,1,,,,"release_year, book_shortener, book_title",https://drive.google.com/file/d/1ccPgSHknA7vFFKkWKK6dtS6pGC--SQ0I/view?usp=sharing
,Rachel Wiley,,,For Fat Girls Who Considered Starvation When Bulimia Wasn't Enough (IWPS 2015),"“At last, my quiet mouth, the overlooked, the swallowed feelings have all paid off and cultured something perfect. And mine, my mouth is a music box, stuffed with pearls.”",Rachel Wiley - Nothing is Okay - Quote Image - My mouth is.png,https://drive.google.com/a/buttonpoetry.com/file/d/1IP-erU1kaZZ2NwkhP3eLI1Ky4Oi_0pY0/view?usp=drivesdk,,,,QI,,,,,,,,33496,33496,23452,23452,1,,,,"release_year, book_shortener, book_title",https://drive.google.com/a/buttonpoetry.com/file/d/1IP-erU1kaZZ2NwkhP3eLI1Ky4Oi_0pY0/view?usp=drivesdk
,Rachel Wiley,,,Mary The Elephant (WoWPS 2014),"“If you cannot be small, at least make it easy to handle you. Be massive but my god, be docile.”",Wiley - RB - Quote Image - MISGUIDED LITTLE UNFORGIVABLE HIERARCHIES,https://drive.google.com/file/d/1sBSYlQJ6K0Da62d37UJOjBG6N16Blazq/view?usp=drivesdk,,,,QI,,,,,,,,33706,33706,23608,23608,1,,,,"release_year, book_shortener, book_title",https://drive.google.com/file/d/1sBSYlQJ6K0Da62d37UJOjBG6N16Blazq/view?usp=drivesdk
,Rachel Wiley,,,The Usual,"""I am no less than 1000 years old when I crawl into bed every night, then a teenager, aching and enraged, again every morning.""","Wiley - RB - Quote Image - “By the time my ex crawls from the wreckage...""",https://drive.google.com/file/d/1oNxSnLCpUW2qNaEBXYImzjZAKFVoRWtZ/view?usp=drivesdk,,,,QI,,,,,,,,34027,34027,23862,23862,1,,,,"release_year, book_shortener, book_title",https://drive.google.com/file/d/1oNxSnLCpUW2qNaEBXYImzjZAKFVoRWtZ/view?usp=drivesdk
,Rachel Wiley,,,“10 Honest Thoughts on Being Loved by a Skinny Boy” (from FGFS),“I wonder if he notices how my hands are made of rope.”,Wiley - FGFS - Quote Image - Dear Cosmo.png,https://drive.google.com/file/d/1QH0urxjI0akH35dexauMnfUxJ2tOipDD/view?usp=drivesdk,,,,QI,,,,,,,,33166,33166,23217,23217,1,,,,"release_year, book_shortener, book_title",https://drive.google.com/file/d/1QH0urxjI0akH35dexauMnfUxJ2tOipDD/view?usp=drivesdk
,Rachel Wiley,,,“10 Honest Thoughts on Being Loved by a Skinny Boy” (from FGFS),“Loving me is not a fetish. Finding me beautiful is not a novelty. I am not a fucking novelty.”,Wiley - FGFS - Quote Image - He does not believe.png,https://drive.google.com/file/d/1Jgg86gjRxeVpMS1prJZS8JR5ijCmCK4h/view?usp=drivesdk,,,,QI,,,,,,,,33167,33167,23229,23229,1,,,,"release_year, book_shortener, book_title",https://drive.google.com/file/d/1Jgg86gjRxeVpMS1prJZS8JR5ijCmCK4h/view?usp=drivesdk
,Rachel Wiley,,,“10 Honest Thoughts on Being Loved by a Skinny Boy” (from FGFS),“My college theater professor once told me that despite my talent I would never be cast as a romantic lead.”,Wiley - FGFS - Quote Image - He tells me he loves.png,https://drive.google.com/file/d/11SV6wpnhDNRqMNf__K1OXRI4B8gtQjLe/view?usp=drivesdk,,,,QI,,,,,,,,33168,33168,23218,23218,1,,,,"release_year, book_shortener, book_title",https://drive.google.com/file/d/11SV6wpnhDNRqMNf__K1OXRI4B8gtQjLe/view?usp=drivesdk
,Rachel Wiley,,,“10 Honest Thoughts on Being Loved by a Skinny Boy” (from FGFS),“The phrase big girls need love too can go die in a fire.”,"Wiley - FGFS - Quote Image - I say, 'I am.png",https://drive.google.com/file/d/1AvW1P-c2Mwsg6tofObyHy91QdGHCMKsy/view?usp=drivesdk,,,,QI,,,,,,,,33169,33169,23221,23221,1,,,,"release_year, book_shortener, book_title",https://drive.google.com/file/d/1AvW1P-c2Mwsg6tofObyHy91QdGHCMKsy/view?usp=drivesdk
,Rachel Wiley,,,“A Green Book For My Niece”,“There will be days you struggle with knowing where you belong. For feeling like you belong everywhere and nowhere at all.” [FB],Rachel Wiley - Nothing is Okay - Quote Image - Remember that the opposite.png,https://drive.google.com/a/buttonpoetry.com/file/d/1ZI32eSV57rG7ZEsBYWXDzPs8-4NwPSM6/view?usp=drivesdk,,,,QI,,,,,,,,33195,33195,23240,23240,1,,,,"release_year, book_shortener, book_title",https://drive.google.com/a/buttonpoetry.com/file/d/1ZI32eSV57rG7ZEsBYWXDzPs8-4NwPSM6/view?usp=drivesdk
,Rachel Wiley,,,“A Green Book For My Niece”,"“There will be years when you feel bruised like worlds collided. So, when they ask (and they always ask) what you are, tell them you are made up of whole worlds collided, supernova beautiful in its violent right to exist.” [2ND]",Rachel Wiley - Nothing is Okay - Quote Image - There will be days.png,https://drive.google.com/a/buttonpoetry.com/file/d/1HG3CJ_xoJ2GxyXKv82P4dmPMfuavYyQc/view?usp=drivesdk,,,,QI,,,,,,,,33196,33196,23241,23241,1,,,,"release_year, book_shortener, book_title",https://drive.google.com/a/buttonpoetry.com/file/d/1HG3CJ_xoJ2GxyXKv82P4dmPMfuavYyQc/view?usp=drivesdk
,Rachel Wiley,,,“Belly Kisses”,“Asking anyone else to love my body still sometimes feels like asking for too much.”,Rachel Wiley - Nothing is Okay - Quote Image - I love my body.png,https://drive.google.com/a/buttonpoetry.com/file/d/1hv2wm-abbnxqB8IBrl5SI9NqU55gg2aJ/view?usp=drivesdk,,,,QI,,,,,,,,33278,33278,23305,23305,1,,,,"release_year, book_shortener, book_title",https://drive.google.com/a/buttonpoetry.com/file/d/1hv2wm-abbnxqB8IBrl5SI9NqU55gg2aJ/view?usp=drivesdk
,Rachel Wiley,,,“Belly Kisses”,"“Every time I’ve let someone fuck me with my dress still on, I laid in bed afterwards and vowed not to let another person inside me that hasn't seen me fully—not just seen but marveled at and pressed their lips to all the places deemed unworthy.”",Rachel Wiley - Nothing is Okay - Quote Image - I reach and her body.png,https://drive.google.com/a/buttonpoetry.com/file/d/1c_grcgL-vAkMBJ2zRh8JuSmfOcHb7Xvj/view?usp=drivesdk,,,,QI,,,,,,,,33279,33279,23306,23306,1,,,,"release_year, book_shortener, book_title",https://drive.google.com/a/buttonpoetry.com/file/d/1c_grcgL-vAkMBJ2zRh8JuSmfOcHb7Xvj/view?usp=drivesdk
,Rachel Wiley,,,“But They Say I Will Not Make It”,"“Forgive me. They keep telling me that my heart is not my heart. They keep telling me that I am dying, so this may be our last chance.”",Rachel Wiley - Nothing is Okay - Quote Image - My heart is.png,https://drive.google.com/a/buttonpoetry.com/file/d/1nhkLiGOsMFqMvxIkhCenx-1VmwrM6JXr/view?usp=drivesdk,,,,QI,,,,,,,,33352,33352,23358,23358,1,,,,"release_year, book_shortener, book_title",https://drive.google.com/a/buttonpoetry.com/file/d/1nhkLiGOsMFqMvxIkhCenx-1VmwrM6JXr/view?usp=drivesdk
,Rachel Wiley,,,“But They Say I Will Not Make It”,“I am not at all sorry for my size.”,Rachel Wiley - Nothing is Okay - Quote Image - When you are fat.png,https://drive.google.com/a/buttonpoetry.com/file/d/1naJ83jXpSFnnI7ilTXwxe7BDvohUrgA1/view?usp=drivesdk,,,,QI,,,,,,,,33353,33353,23359,23359,1,,,,"release_year, book_shortener, book_title",https://drive.google.com/a/buttonpoetry.com/file/d/1naJ83jXpSFnnI7ilTXwxe7BDvohUrgA1/view?usp=drivesdk
,Rachel Wiley,,,“Conversations With My Father in a Dunk Tank”,"“The empty refrigerator in my stomach wants to know where Florida is, and if we are there yet, and if when we get there we will find all of the runaway fathers living under dining room table forts, sitting on thrones of unmailed birthday cards? We never changed our number, Dad.”",Wiley - FGFS - Quote Image - Do you remember.png,https://drive.google.com/file/d/1r6en83q7Fln_EBippKjpyxVvFIHf-DK2/view?usp=drivesdk,,,,QI,,,,,,,,33376,33376,23378,23378,1,,,,"release_year, book_shortener, book_title",https://drive.google.com/file/d/1r6en83q7Fln_EBippKjpyxVvFIHf-DK2/view?usp=drivesdk
,Rachel Wiley,,,“Conversations With My Father in a Dunk Tank”,"“We have never been good at growing things, you and I.”",Wiley - FGFS - Quote Image - He smells like.png,https://drive.google.com/file/d/12CEi35Xe-BNI6BzRJnCeOv1w9Dmg76uq/view?usp=drivesdk,,,,QI,,,Y,,,,,33377,33377,23379,23379,1,,Y,,"release_year, book_shortener, book_title",https://drive.google.com/file/d/12CEi35Xe-BNI6BzRJnCeOv1w9Dmg76uq/view?usp=drivesdk
,Rachel Wiley,,,“Conversations With My Father in a Dunk Tank”,"“We have never been good at growing things, you and I.”",Wiley - FGFS - Quote Image - I grew up.png,https://drive.google.com/file/d/1VTmauUn9H-WlDNTckon_O3Pr9T2hgApQ/view?usp=drivesdk,,,,QI,,,,,,,,33378,33378,23379,23379,1,,,,"release_year, book_shortener, book_title",https://drive.google.com/file/d/1VTmauUn9H-WlDNTckon_O3Pr9T2hgApQ/view?usp=drivesdk
,Rachel Wiley,,,“Conversations With My Father in a Dunk Tank”,"“When you met my mother, was she all the best part of the soil and all the brightest spots in the sky?”",Wiley - FGFS - Quote Image - I understand a few.png,https://drive.google.com/file/d/1L7UIztsiB1EAet9CA5e1KplOVrGM589g/view?usp=drivesdk,,,,QI,,,,,,,,33379,33379,23380,23380,1,,,,"release_year, book_shortener, book_title",https://drive.google.com/file/d/1L7UIztsiB1EAet9CA5e1KplOVrGM589g/view?usp=drivesdk
,Rachel Wiley,,,“Daylight”,“Wrap yourself around something/anything/everything you can find to love more than they hate themselves.”,Wiley - FGFS - Quote Image - I know so well.png,https://drive.google.com/file/d/1iqBBfrY8nBj0jGF1MKApTc7D5Res9lov/view?usp=drivesdk,,,,QI,,,,,,,,33408,33408,23194,23194,1,,,,"release_year, book_shortener, book_title",https://drive.google.com/file/d/1iqBBfrY8nBj0jGF1MKApTc7D5Res9lov/view?usp=drivesdk
,Rachel Wiley,,,“Daylight”,“I will scrape Joseph Rissi’s stupid voice from inside of my skull if you just reach for the doorknob.”,Wiley - FGFS - Quote Image - We are loved.png,https://drive.google.com/file/d/1zmSlZeHpajVS2DBgQLxwir5zhA2CB-dG/view?usp=drivesdk,,,,QI,,,,,,,,33405,33405,23192,23192,1,,,,"release_year, book_shortener, book_title",https://drive.google.com/file/d/1zmSlZeHpajVS2DBgQLxwir5zhA2CB-dG/view?usp=drivesdk
,Rachel Wiley,,,“Daylight”,"“I could hear the hunger for my shatter in his concrete mouth, and though I told him to fuck off, I still hear his proclamation every time I fall from love.”",Wiley - FGFS - Quote Image - Wrap yourself around.png,https://drive.google.com/file/d/1x6JTGRDGPwqiaq-4KXi3ple-7ZHUmn6Z/view?usp=drivesdk,,,,QI,,,,,,,,33406,33406,23193,23193,1,,,,"release_year, book_shortener, book_title",https://drive.google.com/file/d/1x6JTGRDGPwqiaq-4KXi3ple-7ZHUmn6Z/view?usp=drivesdk
,Rachel Wiley,,,“Femme Visibility”,“The difference is that you can see the cat on a leash.” [2ND],Wiley - RB - Quote Image - FLOAT,https://drive.google.com/file/d/1md72rYsrl_dbOKe5Y-60he8luBa0fAqz/view?usp=drivesdk,,,,QI,,,,,,,,33482,33482,23443,23443,1,,,,"release_year, book_shortener, book_title",https://drive.google.com/file/d/1md72rYsrl_dbOKe5Y-60he8luBa0fAqz/view?usp=drivesdk
,Rachel Wiley,,,“Glory in Two Parts” (NPS 2015),“You mean to say that “I carry this body every day like a sacrament to revere the way I keep rising despite a world who does not want the truth of me.”,Rachel Wiley - Nothing is Okay - Quote Image - Now you can be the devil.png,https://drive.google.com/a/buttonpoetry.com/file/d/1eg2hKnhfiU1jE25z6gy5zaINgYDa8mVY/view?usp=drivesdk,,,,QI,,,,,,,,33540,33540,23482,23482,1,,,,"release_year, book_shortener, book_title",https://drive.google.com/a/buttonpoetry.com/file/d/1eg2hKnhfiU1jE25z6gy5zaINgYDa8mVY/view?usp=drivesdk
,Rachel Wiley,,,“Gorgon”,“We are too much. We are inappropriate. We should really do something about it.”,Wiley - FGFS - Quote Image - If you promise.png,https://drive.google.com/file/d/1nfw-jDIxjkgG3vR169bVWKMx4Ewjeefr/view?usp=drivesdk,,,,QI,,,,,,,,33567,33567,23502,23502,1,,,,"release_year, book_shortener, book_title",https://drive.google.com/file/d/1nfw-jDIxjkgG3vR169bVWKMx4Ewjeefr/view?usp=drivesdk
,Rachel Wiley,,,“Horoscope For The Premature Scorpio”,"“If a dance partner is not readily available without settling, as you are no longer permitted to settle, buy a new vibrator and make him jealous of you and you alone.”",Rachel Wiley - Nothing is Okay - Quote Image - Today you find.png,https://drive.google.com/a/buttonpoetry.com/file/d/1ntd0XBYrYksBcDEB2k9ApxABK6uU0uq2/view?usp=drivesdk,,,,QI,,,,,,,,33621,33621,23544,23544,1,,,,"release_year, book_shortener, book_title",https://drive.google.com/a/buttonpoetry.com/file/d/1ntd0XBYrYksBcDEB2k9ApxABK6uU0uq2/view?usp=drivesdk
,Rachel Wiley,,,“My Whiteness Hits On Me In A Bar”,“Stop fighting for people that don’t look like you.”,Wiley - FGFS - Quote Image - I need no one's.png,https://drive.google.com/file/d/1jn4WSa9cPirH7tdaIryYTXdALV6OOtlm/view?usp=drivesdk,,,,QI,,,,,,,,33735,33735,23633,23633,1,,,,"release_year, book_shortener, book_title",https://drive.google.com/file/d/1jn4WSa9cPirH7tdaIryYTXdALV6OOtlm/view?usp=drivesdk
,Rachel Wiley,,,“My Whiteness Hits On Me In A Bar”,"“Stop fighting for some part of you that no one can see, that no one wants to see.”",Wiley - FGFS - Quote Image - You deserve a love.png,https://drive.google.com/file/d/16Cruu1CugLNDnC4VuuSaLEGbnAKisays/view?usp=drivesdk,,,,QI,,,,,,,,33732,33732,23630,23630,1,,,,"release_year, book_shortener, book_title",https://drive.google.com/file/d/16Cruu1CugLNDnC4VuuSaLEGbnAKisays/view?usp=drivesdk
,Rachel Wiley,,,“No One's”,"“The flies starting to congregate do not muster even an ear flick, and I already know, but I won’t step off of my property line because in this spot I cannot see the dog’s face.”",Rachel Wiley - Nothing is Okay - Quote Image - A celebration.png,https://drive.google.com/a/buttonpoetry.com/file/d/1tGcgCZ9pJomQ4ieVmNnfwuV4Y5tgYqjE/view?usp=drivesdk,,,,QI,,,,,,,,33756,33756,23649,23649,1,,,,"release_year, book_shortener, book_title",https://drive.google.com/a/buttonpoetry.com/file/d/1tGcgCZ9pJomQ4ieVmNnfwuV4Y5tgYqjE/view?usp=drivesdk
,Rachel Wiley,,,“Poem for Susan Boomer Jenkins”,"“In this, Susan ‘Boomer’ Jenkins is my own sloppy heart. A greasy haired beast, caged, longing for something to float gently down into her favor so she will not have to drag it struggling to her chest just this once.”","Wiley - RB - Quote Image - “Praise my therapist.""",https://drive.google.com/file/d/1DdQgCMnqmDh7-_Dt_catx96M2-wlrMh-/view?usp=drivesdk,,,,QI,,,,,,,,33819,33819,23701,23701,1,,,,"release_year, book_shortener, book_title",https://drive.google.com/file/d/1DdQgCMnqmDh7-_Dt_catx96M2-wlrMh-/view?usp=drivesdk
,Rachel Wiley,,,“Poem for Susan Boomer Jenkins”,"“And like a punch to the side of the head, there she is. Everything I have worked my entire fat life not to be, embodied on screen.” [FB]","Wiley - RB - Quote Image - “When my mother’s eyes focus on the surprise...""",https://drive.google.com/file/d/1a2wDpAdZihnBKMCuaLc27NDt0EYYRq8v/view?usp=drivesdk,,,,QI,,,,,,,,33818,33818,23700,23700,1,,,,"release_year, book_shortener, book_title",https://drive.google.com/file/d/1a2wDpAdZihnBKMCuaLc27NDt0EYYRq8v/view?usp=drivesdk
,Rachel Wiley,,,“Prozac 30mg”,“I worry my own bones might be made of red brick.”,Wiley - RB - Quote Image - PROZAC 30MG,https://drive.google.com/file/d/1RM5IfReDYouhhC3oCNr9WHgHu7Secuz3/view?usp=drivesdk,,,,QI,,,,,,,,33862,33862,23736,23736,1,,,,"release_year, book_shortener, book_title",https://drive.google.com/file/d/1RM5IfReDYouhhC3oCNr9WHgHu7Secuz3/view?usp=drivesdk
,Rachel Wiley,,,“Revenge Body”,“I am entirely capable of vengeance and pettiness.” [2ND],Wiley - RB - Quote Image - “Water might be the only thing that could ever hold us gentle.”,https://drive.google.com/file/d/1QVCf9WR68qaTqhHSNYW09GiwayynMXM9/view?usp=drivesdk,,,,QI,,,,,,,,33908,33908,23773,23773,1,,,,"release_year, book_shortener, book_title",https://drive.google.com/file/d/1QVCf9WR68qaTqhHSNYW09GiwayynMXM9/view?usp=drivesdk
,Rachel Wiley,,,“Revenge Body”,“I am not at all saying that this fat makes me any kind of a saint.”,"Wiley - RB - Quote Image - “We banish those who fear us the way...""",https://drive.google.com/file/d/1lFw8KCTh-GYOHDLw1mtEWZzJvXgiA5J3/view?usp=drivesdk,,,,QI,,,,,,,,33909,33909,23774,23774,1,,,,"release_year, book_shortener, book_title",https://drive.google.com/file/d/1lFw8KCTh-GYOHDLw1mtEWZzJvXgiA5J3/view?usp=drivesdk
,Rachel Wiley,,,“Revenge Body”,"“She is so very hungry, and so tired of food.”","Wiley - RB - Quote Image - “When the tides slow into quiet hymns our chests...""",https://drive.google.com/file/d/1Ex4djooIwMZq5BWgRnahvwq50r1Ms61X/view?usp=drivesdk,,,,QI,,,,,,,,33910,33910,23775,23775,1,,,,"release_year, book_shortener, book_title",https://drive.google.com/file/d/1Ex4djooIwMZq5BWgRnahvwq50r1Ms61X/view?usp=drivesdk
,Rachel Wiley,,,“The Fat Joke”,"“The doctor says, ‘Have you considered weight-loss surgery?’”",Rachel Wiley - Nothing is Okay - Quote Image - I will call the mailman.png,https://drive.google.com/a/buttonpoetry.com/file/d/15e-swXrWuUqZty1Lc99WDQHZPGSwS3lk/view?usp=drivesdk,,,,QI,,,,,,,,33984,33984,23426,23426,1,,,,"release_year, book_shortener, book_title",https://drive.google.com/a/buttonpoetry.com/file/d/15e-swXrWuUqZty1Lc99WDQHZPGSwS3lk/view?usp=drivesdk
,Rachel Wiley,,,“The Mother Riddle”,“You realize that you haven’t talked to your mother in what must be months now and you can only manage to feel sort of bad about not noticing sooner.”,Rachel Wiley - Nothing is Okay - Quote Image - Do you have a band-aid.png,https://drive.google.com/a/buttonpoetry.com/file/d/1apQAMzAhYuhau_2N8bLFvI8VOu7a5quZ/view?usp=drivesdk,,,,QI,,,,,,,,34006,34006,23846,23846,1,,,,"release_year, book_shortener, book_title",https://drive.google.com/a/buttonpoetry.com/file/d/1apQAMzAhYuhau_2N8bLFvI8VOu7a5quZ/view?usp=drivesdk
,Rachel Wiley,,,“Thinner”,"“She is so very hungry, and tired of food.”","Wiley - RB - Quote Image - “The one I love slips out the window...""",https://drive.google.com/file/d/1V8vROH5cQRP7dQguLiN-47TSuPGHUaL4/view?usp=drivesdk,,,,QI,,,,,,,,34058,34058,23888,23888,1,,,,"release_year, book_shortener, book_title",https://drive.google.com/file/d/1V8vROH5cQRP7dQguLiN-47TSuPGHUaL4/view?usp=drivesdk
,Rachel Wiley,,,“Unbow Your Head Sister”,"“My sister reminds me that the bruise will fade, but I will not.”","Wiley - RB - Quote Image - UNBOW YOUR HEAD, SISTER For The Pink Door Coven",https://drive.google.com/file/d/1vlIFu-CqjjYdSgb7dovoF6cSlkG3Ov78/view?usp=drivesdk,,,,QI,,,,,,,,34088,34088,23909,23909,1,,,,"release_year, book_shortener, book_title",https://drive.google.com/file/d/1vlIFu-CqjjYdSgb7dovoF6cSlkG3Ov78/view?usp=drivesdk
,Rachel Wiley,,,“Wand: 10 & 2/3 Unknown Driftwood with a Mermaid Hair Core”,“What can hold my magic better than a thing rough born and smoothed by the ocean salt thick mother tongue?”,Wiley - RB - Quote Image - WANT NOT,https://drive.google.com/file/d/1aSrGsM2nsZoYPazSI1lcXz2Wv2yZ_1AQ/view?usp=drivesdk,,,,QI,,,,,,,,34107,34107,23927,23927,1,,,,"release_year, book_shortener, book_title",https://drive.google.com/file/d/1aSrGsM2nsZoYPazSI1lcXz2Wv2yZ_1AQ/view?usp=drivesdk
,Rachel Wiley,,,“When the Fat Girl Stays Fat”,"“When she ran away from dinner to chase the sparkle of her own collarbones, she was lovingly coaxed back to eating.”","Wiley - RB - Quote Image - ""She can have everything she wants...""",https://drive.google.com/file/d/1nvv3gtnp4wOOlvp746EYTKv9QFepOBYr/view?usp=drivesdk,,,,QI,,,,,,,,34130,34130,23948,23948,1,,,,"release_year, book_shortener, book_title",https://drive.google.com/file/d/1nvv3gtnp4wOOlvp746EYTKv9QFepOBYr/view?usp=drivesdk
,Rachel Wiley,,,“When the Fat Girl Stays Fat”,“A prodigal prom queen returned to a gown that never came in plus size anyway.”,"Wiley - RB - Quote Image - “Hunger loves me the same as so many men...""",https://drive.google.com/file/d/1rHnIXbo86VYdOBvTl27uJMt2HT1-_uhV/view?usp=drivesdk,,,,QI,,,,,,,,34131,34131,23949,23949,1,,,,"release_year, book_shortener, book_title",https://drive.google.com/file/d/1rHnIXbo86VYdOBvTl27uJMt2HT1-_uhV/view?usp=drivesdk
,Rachel Wiley,,,“When the Fat Girl Stays Fat”,"“Hunger never made me his girl, no matter how sweet I begged him to stay. Hunger loves me same as so many men, pants half on.”","Wiley - RB - Quote Image - “I still catch myself refusing to eat, instead curling myself...""",https://drive.google.com/file/d/1KUe8UWbBQirfwhXJiXsjgQ8b9B3rArnN/view?usp=drivesdk,,,,QI,,,,,,,,34132,34132,23950,23950,1,,,,"release_year, book_shortener, book_title",https://drive.google.com/file/d/1KUe8UWbBQirfwhXJiXsjgQ8b9B3rArnN/view?usp=drivesdk
,Rachel Wiley,,,“When We Were Kings”,“Tallest girl in her class stoops from being told to make herself smaller.” (video),Rachel Wiley - Nothing is Okay - Quote Image - I see you Patriarchy.png,https://drive.google.com/a/buttonpoetry.com/file/d/1SjAJKWWsGU8Wr9qw6m1sJ398y3naNn_1/view?usp=drivesdk,,,,QI,,,,,,,,34141,34141,23956,23956,1,,,,"release_year, book_shortener, book_title",https://drive.google.com/a/buttonpoetry.com/file/d/1SjAJKWWsGU8Wr9qw6m1sJ398y3naNn_1/view?usp=drivesdk
,Rachel Wiley,,,“When We Were Kings”,“This is the notice of your dismantling.,Rachel Wiley - Nothing is Okay - Quote Image - I will split wide.png,https://drive.google.com/a/buttonpoetry.com/file/d/1VjvknLse9s_0Cf4hZ5f-sFxx6h54dAAe/view?usp=drivesdk,,,,QI,,,,,,,,34142,34142,23957,23957,1,,,,"release_year, book_shortener, book_title",https://drive.google.com/a/buttonpoetry.com/file/d/1VjvknLse9s_0Cf4hZ5f-sFxx6h54dAAe/view?usp=drivesdk
,Rachel Wiley,,,“When We Were Kings”,"“I see you, Patriarchy. You gas leak, you pickpocket, you wasps nest in the attic, you virus of glass, you hothouse minefield.”",Rachel Wiley - Nothing is Okay - Quote Image - My niece is 6.png,https://drive.google.com/a/buttonpoetry.com/file/d/11BR8ZOdcfAlolsR88XGY79F-inDw-4yv/view?usp=drivesdk,,,,QI,,,,,,,,34143,34143,23958,23958,1,,,,"release_year, book_shortener, book_title",https://drive.google.com/a/buttonpoetry.com/file/d/11BR8ZOdcfAlolsR88XGY79F-inDw-4yv/view?usp=drivesdk
,Robert Wood Lynn,HTME,The Future,“THE MUSEUM OF MAINTENANCE”,"“By then, we let the future burn its fossil fuel of the plausibly deniable. Careful to leave the past leaking, hungry with possibility.”",HTME - INT - LO-03.jpg,https://drive.google.com/file/d/1_EEeMbw1m5ENgn0dGKbehrFx7neCuK9W/view?usp=drivesdk,,,,QI,QI,,,,FALSE,,,35609,35609,24958,24958,1,,,,release_year,https://drive.google.com/file/d/1_EEeMbw1m5ENgn0dGKbehrFx7neCuK9W/view?usp=drivesdk
,Rudy Francisco,,,A Few Things,"""Being human is difficult, being a good human is even harder, but it's still something I would like to accomplish while I'm here.""",Francisco - EMAI - Quote Images - A FEW THINGS - 1.png,https://drive.google.com/file/d/1tw_WFHAiJwwNjOv0ci2Z6PiriEnO3Pch/view?usp=drivesdk,,,,QI,,,,Y,,,,35837,35837,25137,25137,1,,,Y,"release_year, book_shortener, book_title",https://drive.google.com/file/d/1tw_WFHAiJwwNjOv0ci2Z6PiriEnO3Pch/view?usp=drivesdk
,Rudy Francisco,,,A Letter to the Apocalypse,"""I'm not saying you should end the world, but you could at least knock over a mailbox.""",Francisco - IFA - Quote Image - If my alarm clock.png,https://drive.google.com/file/d/1ISC69BrUCH33GktW3mCVBAJROyelkrio/view?usp=drivesdk,,,,QI,,,,,,,,35867,35867,25148,25148,1,,,,"release_year, book_shortener, book_title",https://drive.google.com/file/d/1ISC69BrUCH33GktW3mCVBAJROyelkrio/view?usp=drivesdk
,Rudy Francisco,,,A lot like you,"""Someone that will hold her hand like it's the only one they've ever seen.""",Francisco - IFA - Quote Image - The woman that.png,https://drive.google.com/file/d/1Ax1BYxIblEonN5h-SgC5T2Lp9Q43qfVG/view?usp=drivesdk,,,,QI,,,,,,,,35868,35868,25149,25149,1,,,,"release_year, book_shortener, book_title",https://drive.google.com/file/d/1Ax1BYxIblEonN5h-SgC5T2Lp9Q43qfVG/view?usp=drivesdk
,Rudy Francisco,,,And the article says,"""We turned our boys into bayonets, we point them in the wrong direction, we pull their triggers, and then we ignore all the damage they are doing in the distance.""",Francisco - IFA - Quote Image - I tell myself that.png,https://drive.google.com/file/d/1Sr2pH_ykQPNaTY6deq0kELADpf1OM3Qu/view?usp=drivesdk,,,,QI,,,,,,,,36016,36016,25235,25235,1,,,,"release_year, book_shortener, book_title",https://drive.google.com/file/d/1Sr2pH_ykQPNaTY6deq0kELADpf1OM3Qu/view?usp=drivesdk
,Rudy Francisco,,,And the article says,"We turned our boys into bayonets, we point them in the wrong direction, we pull their triggers, and then we ignore all the damage they are doing in the distance.",Francisco - IFA - Quote Image - The morning shows up.png,https://drive.google.com/file/d/17xVd2DtmSnoNy9Mf-vZprOz-ARvYQPQq/view?usp=drivesdk,,,,QI,,,,,,,,36017,36017,25235,25235,1,,,,"release_year, book_shortener, book_title",https://drive.google.com/file/d/17xVd2DtmSnoNy9Mf-vZprOz-ARvYQPQq/view?usp=drivesdk
,Rudy Francisco,,,Chameleon,"“As men, it is important that we start asking ourselves, what will the boys learn from us?”",Francisco - IFA - Quote Image - There are 2 things.png,https://drive.google.com/file/d/1K6WEruFehUtJIl9N83FmDZPd3-E0T13a/view?usp=drivesdk,,,,QI,,,,,,,,36091,36091,25263,25263,1,,,,"release_year, book_shortener, book_title",https://drive.google.com/file/d/1K6WEruFehUtJIl9N83FmDZPd3-E0T13a/view?usp=drivesdk
,Rudy Francisco,,,Chameleon,"""Courage has never been a chameleon's best attribute and some days it's not mine either.""",Rudy - Helium - Quote Image - As men.png,https://drive.google.com/a/buttonpoetry.com/file/d/0B_-uqSs_rEYCTy1VZDNsVHVOb0k/view?usp=drivesdk,,,,QI,,,,,,,,36080,36080,25266,25266,1,,,,"release_year, book_shortener, book_title",https://drive.google.com/a/buttonpoetry.com/file/d/0B_-uqSs_rEYCTy1VZDNsVHVOb0k/view?usp=drivesdk
,Rudy Francisco,,,Grudge,"""Forgiveness is a little hard to find, but it is the only town I want to live in""",Rudy - Helium - Quote Image - My brain is.jpg,https://drive.google.com/a/buttonpoetry.com/file/d/0B_-uqSs_rEYCbEI2SmtxNHgyazg/view?usp=drivesdk,,,,QI,,,,,,,,36288,36288,25379,25379,1,,,,"release_year, book_shortener, book_title",https://drive.google.com/a/buttonpoetry.com/file/d/0B_-uqSs_rEYCbEI2SmtxNHgyazg/view?usp=drivesdk
,Rudy Francisco,,,Have you ever noticed,"""Have you ever noticed how much water hates to argue? How it molds itself into the shape of the pore, makes a home wherever it lands but also never gives up its identity?""",Francisco - IFA - Quote Image - Here I am today;.png,https://drive.google.com/file/d/1zoLKedEOLIk9-Um64jzvFNMl2NDtG36R/view?usp=drivesdk,,,,QI,,,,N,,,,36299,36299,25387,25387,1,,,,"release_year, book_shortener, book_title",https://drive.google.com/file/d/1zoLKedEOLIk9-Um64jzvFNMl2NDtG36R/view?usp=drivesdk
,Rudy Francisco,,,Legend has it,"""How beautiful it is, to grind yourself into sand, offer the grain of you to anyone willing to listen.""","Francisco - IFA - Quote Image - I hear, 'If you don't.png",https://drive.google.com/file/d/1llstdLkhiAZEbB0xM_btRbggLR3vaNgc/view?usp=drivesdk,,,,QI,,,,,,,,36587,36587,25541,25541,1,,,,"release_year, book_shortener, book_title",https://drive.google.com/file/d/1llstdLkhiAZEbB0xM_btRbggLR3vaNgc/view?usp=drivesdk
,Rudy Francisco,,,Most of what I know,"""The ground has taught me more about flight than the sky ever could.""",Francisco - IFA - Quote Image - The ground has taught.png,https://drive.google.com/file/d/1gT1zrOBLuyIJRu8wAHuNoQNExYTSu9Rc/view?usp=drivesdk,,,,QI,,,,,,,,36684,36684,25603,25603,1,,,,"release_year, book_shortener, book_title",https://drive.google.com/file/d/1gT1zrOBLuyIJRu8wAHuNoQNExYTSu9Rc/view?usp=drivesdk
,Rudy Francisco,,,My Father's House,"""An eviction notice is a lot heavier than it looks. Seems like it's just paper and ink, but it's all dead weight.""",FRANCISCO - EMAI - Quote Images - My Father's House - 21.png,https://drive.google.com/file/d/117cBVzo9xGJ_zg6DvZ6qLBWflNjacMU9/view?usp=drivesdk,,,,QI,,,,,,,,36709,36709,25623,25623,1,,,,"release_year, book_shortener, book_title",https://drive.google.com/file/d/117cBVzo9xGJ_zg6DvZ6qLBWflNjacMU9/view?usp=drivesdk
,Rudy Francisco,,,My Father's House,"""I packed a decade into the storage unit, threw away the rest, and watched a dumptruck take all the memories we didn't have space for. This is a special kind of betrayal.""",FRANCISCO - EMAI - Quote Images - My Father's House - 4.png,https://drive.google.com/file/d/1fZ1gaywc9fwwPA-sTpvTz8_4kOBoxcVx/view?usp=drivesdk,,,,QI,,,,,,,,36703,36703,25619,25619,1,,,,"release_year, book_shortener, book_title",https://drive.google.com/file/d/1fZ1gaywc9fwwPA-sTpvTz8_4kOBoxcVx/view?usp=drivesdk
,Rudy Francisco,,,My Father's House,"""I packed a decade into the storage unit, threw away the rest, and watched a dump truck take all the memories we didn't have space for.""",Francisco - EMAI - Quote Images - My friends - 7 .png,https://drive.google.com/file/d/10DKcFwDI7mH10iefQwYW023ixui9_rdN/view?usp=drivesdk,,,,QI,,,,,,,,36725,36725,25627,25627,1,,,,"release_year, book_shortener, book_title",https://drive.google.com/file/d/10DKcFwDI7mH10iefQwYW023ixui9_rdN/view?usp=drivesdk
,Rudy Francisco,,,My Honest Poem,"“My hobbies include editing my life story, hiding behind metaphors, and trying to convince my shadow that I’m someone worth following.”",Rudy - Helium - Quote Image - I have an odd.png,https://drive.google.com/a/buttonpoetry.com/file/d/0B_-uqSs_rEYCQ1dRb2h5T0RkTGs/view?usp=drivesdk,,,,QI,,,,,,,,36760,36760,25635,25635,1,,,,"release_year, book_shortener, book_title",https://drive.google.com/a/buttonpoetry.com/file/d/0B_-uqSs_rEYCQ1dRb2h5T0RkTGs/view?usp=drivesdk
,Rudy Francisco,,,My Honest Poem,"“Relationships, they often remind me that I’m not afraid of heights, or falling, but I’m scared of what’s gonna happen the moment that my body hits the ground.”",Rudy - Helium - Quote Image - I was born feet.png,https://drive.google.com/a/buttonpoetry.com/file/d/0B_-uqSs_rEYCR3ZUMmNJcE5yVVU/view?usp=drivesdk,,,,QI,,,,,,,,36761,36761,25632,25632,1,,,,"release_year, book_shortener, book_title",https://drive.google.com/a/buttonpoetry.com/file/d/0B_-uqSs_rEYCR3ZUMmNJcE5yVVU/view?usp=drivesdk
,Rudy Francisco,,,Peace Lily,"""We don’t always choose our environment, but we can’t let that stop us from blooming.""",Francisco - IFA - Quote Image - Perhaps I told you.png,https://drive.google.com/file/d/1W--u2w3fpRLwezOeOO3N1VgpyGnrKGzS/view?usp=drivesdk,,,,QI,,,,Y,,,,37103,37103,25789,25789,1,,,Y,"release_year, book_shortener, book_title",https://drive.google.com/file/d/1W--u2w3fpRLwezOeOO3N1VgpyGnrKGzS/view?usp=drivesdk
,Rudy Francisco,,,So my grandmother once told me,"""aren't we all unfinished? Don't we all need a little editing?""",FRANCISCO - EMAI - Quote Images - SO LET THEM - 4.png,https://drive.google.com/file/d/1vAikykdFkQoaUk5sv5x2Y1kzgLclFYN1/view?usp=drivesdk,,,,QI,,,,,,,,37373,37373,25946,25946,1,,,,"release_year, book_shortener, book_title",https://drive.google.com/file/d/1vAikykdFkQoaUk5sv5x2Y1kzgLclFYN1/view?usp=drivesdk
,Rudy Francisco,,,Things I Strongly Believe,“I believe masculinity is a wet fish most men are trying to hold onto.”,"Francisco - IFA - Quote Image - I ask, 'What do.png",https://drive.google.com/file/d/1WN3Lfoy1eMabpkmoCuwZ6WI5m8tWJx1o/view?usp=drivesdk,,,,QI,,,,,,,,37486,37486,26001,26001,1,,,,"release_year, book_shortener, book_title",https://drive.google.com/file/d/1WN3Lfoy1eMabpkmoCuwZ6WI5m8tWJx1o/view?usp=drivesdk
,Rudy Francisco,,,This song makes me cry. Wanna hear it?.mov,"“It begins like it doesn’t want to interrupt your day, but needs a few minutes of your time.”",Francisco - IFA - Quote Image - My mouth and my mind.png,https://drive.google.com/file/d/1J96J6bj3bo-lgea9ftqJPYIeZpzO0zMe/view?usp=drivesdk,,,,QI,,,,,,,,37523,37523,26017,26017,1,,,,"release_year, book_shortener, book_title",https://drive.google.com/file/d/1J96J6bj3bo-lgea9ftqJPYIeZpzO0zMe/view?usp=drivesdk
,Rudy Francisco,,,To the Black Donald Trump Supporters,"""A meal cannot be friends with a mouth.""",Francisco - IFA - Quote Image - Remember how the antelopes.png,https://drive.google.com/file/d/1DXI4a6XF-6TJZceJWKSHxLjX8cZB6aI6/view?usp=drivesdk,,,,QI,,,,,,,,37532,37532,26027,26027,1,,,,"release_year, book_shortener, book_title",https://drive.google.com/file/d/1DXI4a6XF-6TJZceJWKSHxLjX8cZB6aI6/view?usp=drivesdk
,Rudy Francisco,,,What i know is this,"""I know that a marathon can become a relay as long as there is someone willing to finish the race.""",Francisco - IFA - Quote Image - I know that a marathon.png,https://drive.google.com/file/d/1-o763J5ljyQjAWd21-ul_SIF7ov30FdK/view?usp=drivesdk,,,,QI,,,,N,,,,37631,37631,26071,26071,1,,,,"release_year, book_shortener, book_title",https://drive.google.com/file/d/1-o763J5ljyQjAWd21-ul_SIF7ov30FdK/view?usp=drivesdk
,Rudy Francisco,,,What i know is this,"""I know a person is still alive, if you remember to say their name.""",Francisco - IFA - Quote Image - I know that a person.png,https://drive.google.com/file/d/1W5ZFiX0waYEf-gEfiBK_QoDNYDfgv95N/view?usp=drivesdk,,,,QI,,,,,,,,37628,37628,26069,26069,1,,,,"release_year, book_shortener, book_title",https://drive.google.com/file/d/1W5ZFiX0waYEf-gEfiBK_QoDNYDfgv95N/view?usp=drivesdk
,Rudy Francisco,,,What i know is this,"""I know that a person is still alive if you remember to say their name. Nipsey.""",Francisco - IFA - Quote Image - I know that a victory.png,https://drive.google.com/file/d/1soxxmQXSHmDyQddIyvQW1iv-cIIkIfvR/view?usp=drivesdk,,,,QI,,,,Y,,,,37629,37629,26074,26074,1,,,Y,"release_year, book_shortener, book_title",https://drive.google.com/file/d/1soxxmQXSHmDyQddIyvQW1iv-cIIkIfvR/view?usp=drivesdk
,Rudy Francisco,,,Why Are You Still In Bed?,"""Because, this morning, I made a list of all of my top priorities. I am one of them.""",Francisco - EMAI - Quote Images - WHY ARE YOU STILL IN BED - 3.png,https://drive.google.com/file/d/1YnqgpseCnzeS1uGAUClUv91UyLMF7M0-/view?usp=drivesdk,,,,QI,,,,,,,,37691,37691,26105,26105,1,,,,"release_year, book_shortener, book_title",https://drive.google.com/file/d/1YnqgpseCnzeS1uGAUClUv91UyLMF7M0-/view?usp=drivesdk
,Rudy Francisco,,,“Adrenaline Rush” (Button Live),"“Once, a friend of a friend asked me why there aren’t more Black people in the X Games",Rudy - Helium - Quote Image - It must be nice.jpg,https://drive.google.com/a/buttonpoetry.com/file/d/0B_-uqSs_rEYCSGhsbk16R09ObWM/view?usp=drivesdk,,,,QI,,,,,,,,35969,35969,25207,25207,1,,,,"release_year, book_shortener, book_title",https://drive.google.com/a/buttonpoetry.com/file/d/0B_-uqSs_rEYCSGhsbk16R09ObWM/view?usp=drivesdk
,Rudy Francisco,,,“Adrenaline Rush” (Button Live),We don’t need to invent new ways of risking our lives because the old ones have been,Rudy - Helium - Quote Image - Jim Crow may.jpg,https://drive.google.com/a/buttonpoetry.com/file/d/0B_-uqSs_rEYCQkhvNkpBNkhHZmc/view?usp=drivesdk,,,,QI,,,,,,,,35970,35970,25208,25208,1,,,,"release_year, book_shortener, book_title",https://drive.google.com/a/buttonpoetry.com/file/d/0B_-uqSs_rEYCQkhvNkpBNkhHZmc/view?usp=drivesdk
,Rudy Francisco,,,“Adrenaline Rush” (Button Live),working for decades.’”,Rudy - Helium - Quote Image - Once a friend of.jpg,https://drive.google.com/a/buttonpoetry.com/file/d/0B_-uqSs_rEYCYkhjWC0xOGpjYmc/view?usp=drivesdk,,,,QI,,,,,,,,35971,35971,25209,25209,1,,,,"release_year, book_shortener, book_title",https://drive.google.com/a/buttonpoetry.com/file/d/0B_-uqSs_rEYCYkhjWC0xOGpjYmc/view?usp=drivesdk
,Rudy Francisco,,,“Complainers”,“Most people have no idea that “Tragedy and silence have the exact same address.”,Rudy - Helium - Quote Image - Remember every year.jpg,https://drive.google.com/a/buttonpoetry.com/file/d/0B_-uqSs_rEYCSHV6dHctSmViM00/view?usp=drivesdk,,,,QI,,,,,,,,36138,36138,25307,25307,1,,,,"release_year, book_shortener, book_title",https://drive.google.com/a/buttonpoetry.com/file/d/0B_-uqSs_rEYCSHV6dHctSmViM00/view?usp=drivesdk
,Rudy Francisco,,,“Complainers”,“Remember that life is a gym membership with a really complicated cancellation policy.”,Rudy - Helium - Quote Image - Tragedy and silence.png,https://drive.google.com/a/buttonpoetry.com/file/d/0B_-uqSs_rEYCbzYzTzcxSm80OWc/view?usp=drivesdk,,,,QI,,,,,,,,36139,36139,25299,25299,1,,,,"release_year, book_shortener, book_title",https://drive.google.com/a/buttonpoetry.com/file/d/0B_-uqSs_rEYCbzYzTzcxSm80OWc/view?usp=drivesdk
,Rudy Francisco,,,“Drowning Fish”,"“When people ask me how I’m doing, I want to say, ‘My daughter is 3-years-old, and I’m still not sure if I’m a good father.’”",Francisco - IFA - Quote Image - But sometimes there is a.png,https://drive.google.com/file/d/1YZa8XbH8ZFtF8YjHwywCdt3Man0g88D3/view?usp=drivesdk,,,,QI,,,,,,,,36202,36202,25349,25349,1,,,,"release_year, book_shortener, book_title",https://drive.google.com/file/d/1YZa8XbH8ZFtF8YjHwywCdt3Man0g88D3/view?usp=drivesdk
,Rudy Francisco,,,“Drowning Fish”,"“Yesterday, while I was reading, I saw a run-on sentence and I thought, ‘You know . . . it could’ve ended right there, but it found a reason to just keep going.’ I smiled and I said, ‘Same.’”",Francisco - IFA - Quote Image - Crickets have been known.png,https://drive.google.com/file/d/1mYW1a8e3L8EpG5YU0EGcdT2PTLKEy23q/view?usp=drivesdk,,,,QI,,,,,,,,36203,36203,25350,25350,1,,,,"release_year, book_shortener, book_title",https://drive.google.com/file/d/1mYW1a8e3L8EpG5YU0EGcdT2PTLKEy23q/view?usp=drivesdk
,Rudy Francisco,,,“I Say Black Fatherhood”,"“I say Black fatherhood. One of his coworkers decides to drag a joke through the conversation says, ‘That’s kind of an oxymoron, right?’” [FB]",Francisco - IFA - Quote Image - I want to laugh so loud.png,https://drive.google.com/file/d/1F7dDsf6kY7Mlg800l9Xi4xiIBsGFL6-4/view?usp=drivesdk,,,,QI,,,,,,,,36438,36438,25450,25450,1,,,,"release_year, book_shortener, book_title",https://drive.google.com/file/d/1F7dDsf6kY7Mlg800l9Xi4xiIBsGFL6-4/view?usp=drivesdk
,Rudy Francisco,,,“Looking For You” (Title in book is “Again”),“I came back as a caterpillar. I turned into a butterfly. I landed in the palm of your hands; you brushed me away and the rejection killed me.” (video),Rudy - Helium - Quote Image - when they buried.png,https://drive.google.com/a/buttonpoetry.com/file/d/0B_-uqSs_rEYCUVNvQklfYlpqbkk/view?usp=drivesdk,,,,QI,,,,,,,,35994,35994,25223,25223,1,,,,"release_year, book_shortener, book_title",https://drive.google.com/a/buttonpoetry.com/file/d/0B_-uqSs_rEYCUVNvQklfYlpqbkk/view?usp=drivesdk
,Rudy Francisco,,,“Seventeen”,"“We swallow earthquakes and tremble at the smell of perfume, we are bashful, tongue-tied, and nervous in high definition.”","Francisco - IFA - Quote Image - At 17, I walked as.png",https://drive.google.com/file/d/1K2685OAYdE9NuMp69HPHCePL6tdvKxc2/view?usp=drivesdk,,,,QI,,,,,,,,37347,37347,25916,25916,1,,,,"release_year, book_shortener, book_title",https://drive.google.com/file/d/1K2685OAYdE9NuMp69HPHCePL6tdvKxc2/view?usp=drivesdk
,Rudy Francisco,,,“Seventeen”,"“Wire hangers like me, we don’t become captain of the football team. The only thing we are good at is stopping ourselves from saying “I like you,” to a girl that holds the remote control to our smiles.”",Francisco - IFA - Quote Image - Ignore the washing.png,https://drive.google.com/file/d/1703jgdHNPsFXnq0mX009Wvcw2J1_XoC9/view?usp=drivesdk,,,,QI,,,,,,,,37348,37348,25927,25927,1,,,,"release_year, book_shortener, book_title",https://drive.google.com/file/d/1703jgdHNPsFXnq0mX009Wvcw2J1_XoC9/view?usp=drivesdk
,Rudy Francisco,,,"“The Heart and the Fist” (title in book, “Rifle II”)","“We learn how to dodge a jab, we learn how to step in before we swing, “We learn that the heart is the same size as the fist, but we keep forgetting they don’t have the same functions.”",Rudy - Helium - Quote Image - I am learning that.jpg,https://drive.google.com/a/buttonpoetry.com/file/d/0B_-uqSs_rEYCUGM0WGxqWnFKLWs/view?usp=drivesdk,,,,QI,,,,,,,,37203,37203,25847,25847,1,,,,"release_year, book_shortener, book_title",https://drive.google.com/a/buttonpoetry.com/file/d/0B_-uqSs_rEYCUGM0WGxqWnFKLWs/view?usp=drivesdk
,Rudy Francisco,,,"“The Heart and the Fist” (title in book, “Rifle II”)","“We turn our boys into bayonets, point them in the wrong direction, pull their triggers and fail to acknowledge all the damage they are doing in the distance.”",Rudy - Helium - Quote Image - We learn that.jpg,https://drive.google.com/a/buttonpoetry.com/file/d/0B_-uqSs_rEYCNk42ZERLdHEtc1E/view?usp=drivesdk,,,,QI,,,,,,,,37204,37204,25840,25840,1,,,,"release_year, book_shortener, book_title",https://drive.google.com/a/buttonpoetry.com/file/d/0B_-uqSs_rEYCNk42ZERLdHEtc1E/view?usp=drivesdk
,Rudy Francisco,,,“Things I Strongly Believe” (not in book),“I believe orange juice tastes better with pulp.”,"Francisco - IFA - Quote Image - Sometimes, a pen.png",https://drive.google.com/file/d/1Z9sMob2zipEHIHD4z8Fx3m5wzSR0GusF/view?usp=drivesdk,,,,QI,,,,,,,,37483,37483,26007,26007,1,,,,"release_year, book_shortener, book_title",https://drive.google.com/file/d/1Z9sMob2zipEHIHD4z8Fx3m5wzSR0GusF/view?usp=drivesdk
,Rudy Francisco,,,“Things I Strongly Believe” (not in book),“I believe a good song can turn any room into a church.”,Francisco - IFA - Quote Image - This is how I scare.png,https://drive.google.com/file/d/1F1k9t8Ox87DmjumOEMQ_N4f8B25-hgM7/view?usp=drivesdk,,,,QI,,,,,,,,37484,37484,26000,26000,1,,,,"release_year, book_shortener, book_title",https://drive.google.com/file/d/1F1k9t8Ox87DmjumOEMQ_N4f8B25-hgM7/view?usp=drivesdk
,Rudy Francisco,,,“To the Girl Who Works at Starbucks”,"“But instead of saying that, I got really nervous and just ordered the first thing on the menu. I don’t even know what ‘chai’ is. Or a latte, for that matter.” (2 of 2)",Rudy - Helium - Quote Image - I imagine when.png,https://drive.google.com/a/buttonpoetry.com/file/d/0B_-uqSs_rEYCcEJQM2hCcjV4X28/view?usp=drivesdk,,,,QI,,,,,,,,37562,37562,25568,25568,1,,,,"release_year, book_shortener, book_title",https://drive.google.com/a/buttonpoetry.com/file/d/0B_-uqSs_rEYCcEJQM2hCcjV4X28/view?usp=drivesdk
,Sabrina Benaim,DOMT,,"“explaining my depression to my mother, a conversation”","“My depression always drags me back to my bed Until my bones are the forgotten fossils of a skeleton sunken city. My mouth, a boneyard of teeth broken from biting down on themselves.”",Sabrina - DOMT - Quote Image - Anxiety is the cousin from out of town.png,https://drive.google.com/a/buttonpoetry.com/file/d/0B3SviMGPblXPV3MyanJCSjR1T28/view?usp=drivesdk,,,,QI,QI,,,,FALSE,,,37988,"37988, 37989",26327,"26327, 26328",2,,,,"release_year, book_title",https://drive.google.com/a/buttonpoetry.com/file/d/0B3SviMGPblXPV3MyanJCSjR1T28/view?usp=drivesdk
,Sabrina Benaim,DOMT,,"“explaining my depression to my mother, a conversation”","“My depression always drags me back to my bed Until my bones are the forgotten fossils of a skeleton sunken city. My mouth, a boneyard of teeth broken from biting down on themselves.”",Sabrina - DOMT - Quote Image - depression is a shapeshifter.png,https://drive.google.com/a/buttonpoetry.com/file/d/0B3SviMGPblXPVkhQX3pBNUh0UFU/view?usp=drivesdk,,,,QI,QI,,,,FALSE,,"Sabrina - DOMT - Button Photo - so, i'm talking to depression....jpg",37990,"37990, 37991",26327,"26327, 26328",2,,,,"release_year, book_title",https://drive.google.com/a/buttonpoetry.com/file/d/0B3SviMGPblXPVkhQX3pBNUh0UFU/view?usp=drivesdk
,Sabrina Benaim,DOMT,,“on the last gesture between us”,“& right now / eyes closed & tears streaming & a little tipsy letsbehonest / I am a jazz girl / a girl pulled of taffy / a girl who will chew / a wave goodbye / for weeks / before spitting it out / onto a page /”,Benaim - DOMT - INT - I ask why,https://drive.google.com/file/d/1D-aT9OrrjLpi-tr-qsnFAM9qpD4n8cF7/view?usp=drive_link,,,,QI,QI,,,,FALSE,,Sabrina - DOMT - Button Photo - seven small ways in which i loved myself this week (close up 2).jpg,38331,38331,26491,26491,1,,,,"release_year, book_title",https://drive.google.com/file/d/1D-aT9OrrjLpi-tr-qsnFAM9qpD4n8cF7/view?usp=drive_link
,Sean Patrick Mulroy,,,My First Date,"""Even in the bars and neighborhoods we claimed as ours we were too unruly to be left ignored, that is, unbeaten.""",MULROY - HFTG - QUOTE IMAGES - MY FIRST DATE - 2.png,https://drive.google.com/file/d/1atrPWgKhgsRbehHxVR09Y2rJ4tMS58fQ/view?usp=drivesdk,,,,QI,,,,,,,,39403,39403,27207,27207,1,,,,"release_year, book_shortener, book_title",https://drive.google.com/file/d/1atrPWgKhgsRbehHxVR09Y2rJ4tMS58fQ/view?usp=drivesdk
,Sean Patrick Mulroy,,,My First Date,"""Billionare straight men owned the advocate, they owned Out magazine, they still own Grindr.""",MULROY - HFTG - QUOTE IMAGES - MY FIRST DATE - 3.png,https://drive.google.com/file/d/1KuiBFY0vwgrQKGO0hfhEKoT7IahU6j_h/view?usp=drivesdk,,,,QI,,,,,,,,39408,39408,27210,27210,1,,,,"release_year, book_shortener, book_title",https://drive.google.com/file/d/1KuiBFY0vwgrQKGO0hfhEKoT7IahU6j_h/view?usp=drivesdk
,Sean Patrick Mulroy,,,sex dream in which Xochipilli is an early riser,"""Such a story lives within the bodies of all men.""",MULROY - HFTG - QUOTE IMAGES - SEX DREAM PAROUSIA - 1.png,https://drive.google.com/file/d/1QliwL0mtbcpMd22e4komZ-MUTRDXATx0/view?usp=drivesdk,,,,QI,,,,,,,,39492,39492,27256,27256,1,,,,"release_year, book_shortener, book_title",https://drive.google.com/file/d/1QliwL0mtbcpMd22e4komZ-MUTRDXATx0/view?usp=drivesdk
,Sean Patrick Mulroy,,,villanelle for the wound,"""We men who love men's bodies know this mouth, its whispered menace.""",MULROY - HFTG - QUOTE IMAGES - WHILE YOU'VE BEEN AWAY - 1.png,https://drive.google.com/file/d/1MkCTIyxVxb1zelns1EEBtQtXLMKGjjon/view?usp=drivesdk,,,,QI,,,,,,,,39529,39529,27278,27278,1,,,,"release_year, book_shortener, book_title",https://drive.google.com/file/d/1MkCTIyxVxb1zelns1EEBtQtXLMKGjjon/view?usp=drivesdk
,Sean Patrick Mulroy,,,white phosphorus,"""If there's a hell it burns like this, if there's a hell you'll burn like this""",MULROY - HFTG - QUOTE IMAGES - WHO WE ARE - 1.png,https://drive.google.com/file/d/1azon_T8sBF3zDjMrOvV8bwHEM7wMQVV8/view?usp=drivesdk,,,,QI,,,,,,,,39538,39538,27284,27284,1,,,,"release_year, book_shortener, book_title",https://drive.google.com/file/d/1azon_T8sBF3zDjMrOvV8bwHEM7wMQVV8/view?usp=drivesdk
,Sean Patrick Mulroy,HTFG,Hated for the Gods,advances,"""Time also advanced relentlessly, no matter how I begged for it to stop.""",MULROY - HFTG - QUOTE IMAGES - ANDY'S DREAM - 1.png,https://drive.google.com/file/d/1uorHgUMUUGYeSrkPVjYlMJe568bsg50X/view?usp=drivesdk,,,,QI,,,,,,,,39307,39307,27154,27154,1,,,,release_year,https://drive.google.com/file/d/1uorHgUMUUGYeSrkPVjYlMJe568bsg50X/view?usp=drivesdk
,Sean Patrick Mulroy,HFTG,Hated For The Gods,fair,"""You stand just like any pair of sweethearts
side by side, in line to ride the Ferris wheel
and as you rise, he wraps you in his jacket,
and you’re not afraid, not even as your car
detaches from the rim and floats away.
The world around you shrinks
and then collapses like a circus tent.""",HFTG - INT - hi-42.jpg,https://drive.google.com/file/d/1K5Vh-u47sfCc78PjsCmxxaDZNaAgaIqH/view?usp=drivesdk,,,,QI,QI,,,,FALSE,,,39330,39330,27170,27170,1,,,,release_year,https://drive.google.com/file/d/1K5Vh-u47sfCc78PjsCmxxaDZNaAgaIqH/view?usp=drivesdk
,Sean Patrick Mulroy,HFTG,Hated For The Gods,"it gets better, by halves","""It is, of course, much easier to love these sweet parts.
Easier to understand a boy who never cries
or asks for much of anything.""",HFTG - INT - hi-11.jpg,https://drive.google.com/file/d/1up8cFNZUQq9hyM1YkEK1igEbdHWdRxqG/view?usp=drivesdk,,,,QI,QI,,,,FALSE,,,39362,39362,27190,27190,1,,,,release_year,https://drive.google.com/file/d/1up8cFNZUQq9hyM1YkEK1igEbdHWdRxqG/view?usp=drivesdk
,Sean Patrick Mulroy,HTFG,Hated for the Gods,Letter to a New Crush (NPS 2014),“I have been single long enough to watch entire porn careers bloom and wilt.”,MULROY - HFTG - QUOTE IMAGES - LOVE POEM FOR JERRY FALWELL - 1.png,https://drive.google.com/file/d/1Kgom9aKMQx9ZktDCvCs3fyhJ1bGwtX8m/view?usp=drivesdk,,,,QI,,,,,,,,39382,39382,27194,27194,1,,,,release_year,https://drive.google.com/file/d/1Kgom9aKMQx9ZktDCvCs3fyhJ1bGwtX8m/view?usp=drivesdk
,Sean Patrick Mulroy,HFTG,Hated For The Gods,method act,"""I guess a good friend might do something drastic,
might run screaming from the room,
say something sanctimonious and cruel,
then storm off to a hotel—
but I am too poor to be that kind of good.""",HFTG - INT - hi-34.jpg,https://drive.google.com/file/d/19TIHKr5845g_PI9AQe3Wed2PyMAjj8A9/view?usp=drivesdk,,,,QI,QI,,,,FALSE,,,39392,39392,27199,27199,1,,,,release_year,https://drive.google.com/file/d/19TIHKr5845g_PI9AQe3Wed2PyMAjj8A9/view?usp=drivesdk
,Sean Patrick Mulroy,HFTG,Hated For The Gods,My First Date,"""Even in the bars and neighborhoods we claimed as ours,
we were too unruly to be left ignored,

that is, unbeaten, until the plague came
and the bruises surfaced from the inside.""",MULROY - HFTG - QUOTE IMAGES - OH HOMOPHOBIA - 1.png,https://drive.google.com/file/d/1rwRsEIKfeCVUfCm8z1Cl1KbU8zmwBwAW/view?usp=drivesdk,,,,QI,QI,,,,FALSE,,,39412,39412,27206,27206,1,,,,release_year,https://drive.google.com/file/d/1rwRsEIKfeCVUfCm8z1Cl1KbU8zmwBwAW/view?usp=drivesdk
,Sean Patrick Mulroy,HTFG,Hated for the Gods,Our Lady of the Piers,"""A necklace of black bruising jewels presented by her choking hands""",MULROY - HFTG - QUOTE IMAGES - OUR LADY OF THE PIERS - 1.png,https://drive.google.com/file/d/1LrPNBh9kqR6jnE6_3FEizsmS-zP3T79U/view?usp=drivesdk,,,,QI,,,,,,,,39420,39420,27215,27215,1,,,,release_year,https://drive.google.com/file/d/1LrPNBh9kqR6jnE6_3FEizsmS-zP3T79U/view?usp=drivesdk
,Sean Patrick Mulroy,HTFG,Hated for the Gods,reading Anne Sexton waiting for a rape kit in the ER 'bold text lifted from Sexton’s “Wanting to Die” ',"""Trust a stranger like the desperate do.
In order to survive, pride banishes my guilt

and still it WAITS FOR ME, YEAR AFTER YEAR, TO SO
DELICATELY UNDO AN OLD WOUND, TO EMPTY
arrogance FROM ITS BAD PRISON and
repeat like prayer what happened so when asked I won’t forget
to curse my body for its welcome mat""",MULROY - HFTG - QUOTE IMAGES - RENT BOY - 1.png,https://drive.google.com/file/d/1YXAaTRBMMLK5VYHYRWxkm5T1Sgb1C08a/view?usp=drivesdk,,,,QI,,,,,,,,39448,39448,27232,27232,1,,,,release_year,https://drive.google.com/file/d/1YXAaTRBMMLK5VYHYRWxkm5T1Sgb1C08a/view?usp=drivesdk
,Sean Patrick Mulroy,HTFG,Hated for the Gods,Sestina for the Murdered Girl (IWPS 2015),"“That sound, that thumping sound that sometimes wakes the whining neighbors the way the sound of her body tumbling in the back of someone’s car woke nobody. And no one heard. Now all that’s heard is neighbors knocking on the door and weeping quietly like the gentle laugh of plates and glasses as the tablecloth is pulled away.”",MULROY - HFTG - QUOTE IMAGES - SEX DREAM ANTINOUS - 1.png,https://drive.google.com/file/d/1F1moyTPep7YpKTLxsUG4XZFHAShI5wOV/view?usp=drivesdk,,,,QI,,,,,,,,39469,39469,27244,27244,1,,,,release_year,https://drive.google.com/file/d/1F1moyTPep7YpKTLxsUG4XZFHAShI5wOV/view?usp=drivesdk
,Sean Patrick Mulroy,HTFG,Hated for the Gods,the evidence speaks for itself,"""The scholarly consensus reached by most contemporary Egyptologists is that we are, quite obviously, twins.""",MULROY - HFTG - QUOTE IMAGES - THE EVIDENCE SPEAKS - 1.png,https://drive.google.com/file/d/1xRV60Zw93BsRLHGOKen9YHTYfYQfhhk_/view?usp=drivesdk,,,,QI,,,,,,,,39506,39506,27264,27264,1,,,,release_year,https://drive.google.com/file/d/1xRV60Zw93BsRLHGOKen9YHTYfYQfhhk_/view?usp=drivesdk
,Sean Patrick Mulroy,HTFG,Hated for the Gods,why do we even really need gayborhoods again?,"""Because we have a history in flame--'flaming' being what they call us when we are too loudly or too gracefully ourselves.""",MULROY - HFTG - QUOTE IMAGES - WHY DO WE EVEN - 1.png,https://drive.google.com/file/d/1aFN8LNx9SwFtYiLfmF5bR638NMgacepl/view?usp=drivesdk,,,,QI,,,,,,,,39552,39552,27291,27291,1,,,,release_year,https://drive.google.com/file/d/1aFN8LNx9SwFtYiLfmF5bR638NMgacepl/view?usp=drivesdk
,Sean Patrick Mulroy,HFTG,Hated For The Gods,барские шалости,"""I wanted him to understand that it was possible
to be afraid of what we found

when we went searching for an answer
to the endless questions of our deepest want.""",HFTG - INT - hi-29.jpg,https://drive.google.com/file/d/1Uxy0WqIoHh2Vi21rODwCl_DC5acI2BEL/view?usp=drivesdk,,,,QI,QI,,,,FALSE,,,39581,39581,27298,27298,1,,,,release_year,https://drive.google.com/file/d/1Uxy0WqIoHh2Vi21rODwCl_DC5acI2BEL/view?usp=drivesdk
,Sean Patrick Mulroy,HFTG,Hated For The Gods,барские шалости,"""It seems our stories always end this way, but then again
it seems we never have the chance to write them.
Libraries still line their shelves with falsified biographies,
conspiring to hide us from each other,
from ourselves,

their pages stuffed with lies

to make them all more comfortable
with what they did to us.

What they still do.""",HFTG - INT - hi-46.jpg,https://drive.google.com/file/d/1iP0MyYpSJp-2yr9P_LK360sc4PugcE63/view?usp=drivesdk,,,,QI,QI,,,,FALSE,,,39583,39583,27300,27300,1,,,,release_year,https://drive.google.com/file/d/1iP0MyYpSJp-2yr9P_LK360sc4PugcE63/view?usp=drivesdk
,Sean Patrick Mulroy,HTFG,Hated for the Gods,барские шалости,"""I wanted him to understand that it was possible
to be afraid of what we found

when we went searching for an answer
to the endless questions of our deepest want.""",MULROY - HFTG - QUOTE IMAGES - барские шалости - 1.png,https://drive.google.com/file/d/17jz8fWfZG6oLOfUaxDIqwHtAPqoVI1WI/view?usp=drivesdk,,,,QI,,,,,,,,39578,39578,27298,27298,1,,,,release_year,https://drive.google.com/file/d/17jz8fWfZG6oLOfUaxDIqwHtAPqoVI1WI/view?usp=drivesdk
,Sean Patrick Mulroy,HTFG,Hated for the Gods,барские шалости,"""I hate the past.

Inconstant as it is unchanging,
our regret persists while history
itself is ever shifting, constantly
rewritten at the whims of power.""",MULROY - HFTG - QUOTE IMAGES - барские шалости - 3.png,https://drive.google.com/file/d/1bPjLsxZiapZU6NSCTZqDDcD3ytmiF3UT/view?usp=drivesdk,,,,QI,,,,,,,,39579,39579,27302,27302,1,,,,release_year,https://drive.google.com/file/d/1bPjLsxZiapZU6NSCTZqDDcD3ytmiF3UT/view?usp=drivesdk
,Sean Patrick Mulroy,HTFG,Hated for the Gods,“Blood Brothers” (NPS 2015),"“The night before my love died, I pressed my head against his chest and heard his heartbeat scape against his ribs. The sound of the shovel through the sweetest earth.”",MULROY - HFTG - QUOTE IMAGES - FAIR - 1.png,https://drive.google.com/file/d/1Yr6offGvFamGRx6HQ6cljX9K5slJv8fT/view?usp=drivesdk,,,,QI,,,,,,,,39326,39326,27169,27169,1,,,,release_year,https://drive.google.com/file/d/1Yr6offGvFamGRx6HQ6cljX9K5slJv8fT/view?usp=drivesdk
,Shyla Hardwick,,,Worms (WoWPS 2014),“But on average it only takes reading the headline to know which shade of brown the body is not.”,"Freeman - URBA - Quote Image - “When people only see you as a trend, it is extremely easy...""",https://drive.google.com/file/d/1ynHFwaZV9qBHTGQwqVt46ZV2jbHYoPE5/view?usp=drivesdk,,,,QI,,,,,,,,40038,40038,27661,27661,1,,,,"release_year, book_shortener, book_title",https://drive.google.com/file/d/1ynHFwaZV9qBHTGQwqVt46ZV2jbHYoPE5/view?usp=drivesdk
,Siaara Freeman,,,The Drug Dealer's Daughter,"""My face is a haunted house my mother screams at from habit not fear.","Freeman - URBA - Quote Image - “What if my heart is a Walkman someone broke in 8th grade?""",https://drive.google.com/file/d/1StfrKvO6JGUIJzxj1BJKw_djegX0zwk3/view?usp=drivesdk,,,,QI,,,,N,,,,40253,40253,27774,27774,1,,,,"release_year, book_shortener, book_title",https://drive.google.com/file/d/1StfrKvO6JGUIJzxj1BJKw_djegX0zwk3/view?usp=drivesdk
,"Sidney Jones, Jr.",PBC,Poetry By Chance,(super)Hero,"Hope never arrives to rescue. He is always there with you, hugging your soul when you need it most.",JONES-PBCA-Quote Images- (SUPER)HERO-5.png,https://drive.google.com/file/d/1Om8mK71t3dqUqk6VvbVcXvsZ9o3LaZZr/view?usp=drivesdk,,,,QI,,,,,,,,40426,40426,27845,27845,1,,,,release_year,https://drive.google.com/file/d/1Om8mK71t3dqUqk6VvbVcXvsZ9o3LaZZr/view?usp=drivesdk
,"Sidney Jones, Jr.",PBC,Poetry By Chance,(SUPER)HERO,"""Hope never arrives to rescue. He is always there with you, hugging your soul whewn you need it most.""",PBC - INT - HI-23.jpg,https://drive.google.com/file/d/1KD1ACIBVlFVq3YOtWFyB2Cyx8ztVVNA0/view?usp=drivesdk,,,,QI,QI,,,,FALSE,,,40430,40430,27846,27846,1,,,,release_year,https://drive.google.com/file/d/1KD1ACIBVlFVq3YOtWFyB2Cyx8ztVVNA0/view?usp=drivesdk
,"Sidney Jones, Jr.",PBC,Poetry By Chance,(SUPER)HERO,"""Hope never arrives to rescue. He is always there with you, hugging your soul whewn you need it most.""",PBC - INT - HI-24.jpg,https://drive.google.com/file/d/1iHaK5WcxDyJncpFkDDjMA8zTNSlUA75c/view?usp=drivesdk,,,,QI,QI,,,,FALSE,,,40431,40431,27846,27846,1,,,,release_year,https://drive.google.com/file/d/1iHaK5WcxDyJncpFkDDjMA8zTNSlUA75c/view?usp=drivesdk
,"Sidney Jones, Jr.",PBC,Poetry By Chance: An Anthology of Poems Powered By Metaphor Dice,(SUPER)HERO,"""Hope never arrives to rescue.
He is always there with you,
hugging your soul
when you need it most.""","JONES, JR. - PBCA - Quote Images - (SUPER)HERO - 7.png",https://drive.google.com/file/d/1VRsx790sYtC_1a6__c_WUem2DXE9qPim/view?usp=drivesdk,,,,QI,,,,Y,,,,40427,40427,27845,27845,1,,,Y,release_year,https://drive.google.com/file/d/1VRsx790sYtC_1a6__c_WUem2DXE9qPim/view?usp=drivesdk
,Sierra DeMulder,EPHE,,Ephemera,"""Isn't it intoxicating -- the ecstatic briefness of it all?""",EPHE- COV - LO-57.jpg,https://drive.google.com/file/d/17M1exkU_DrLDpdT4D6CtBFA9KwZaBYEI/view?usp=drivesdk,,,,QI,QI,,,,FALSE,,,40538,40538,27901,27901,1,,,,"release_year, book_title",https://drive.google.com/file/d/17M1exkU_DrLDpdT4D6CtBFA9KwZaBYEI/view?usp=drivesdk
,Sierra DeMulder,,,How to Define you,"""how the afraid whispers desperate to be hear enough to make a sound"" but not safe",DEMULDER - EPHE - Quote Images - HOW TO DEFINE YOU - 2.png,https://drive.google.com/file/d/1BgOcPJxruSDGJfbWBM5RyK84pfsbFct1/view?usp=share_link,,,,QI,,,,,,,,40622,40622,27940,27940,1,,,,"release_year, book_shortener, book_title",https://drive.google.com/file/d/1BgOcPJxruSDGJfbWBM5RyK84pfsbFct1/view?usp=share_link
,Sierra DeMulder,,,"My First, Second-Carried","""I'll be grateful for even this. The wilting, the small common deaths all around us.""","DEMULDER - EPHE - Quote Images - MY FIRST, SECOND-CARRIED - 1.png",https://drive.google.com/file/d/1EXOj8SiqGLVTfN0fR4HNJfv40Mxepq3r/view?usp=drivesdk,,,,QI,,,,,,,,40688,40688,27966,27966,1,,,,"release_year, book_shortener, book_title",https://drive.google.com/file/d/1EXOj8SiqGLVTfN0fR4HNJfv40Mxepq3r/view?usp=drivesdk
,Sierra DeMulder,,,"Now, Again",I love how your body shoes me it was gone.,DEMULDER - EPHE - Quote Images - NOW AGAIN - 1.png,https://drive.google.com/file/d/1bH57kt8tkrK8kHU13virZR2jBQDUQSJz/view?usp=drivesdk,,,,QI,,,,,,,,40705,40705,27973,27973,1,,,,"release_year, book_shortener, book_title",https://drive.google.com/file/d/1bH57kt8tkrK8kHU13virZR2jBQDUQSJz/view?usp=drivesdk
,Sierra DeMulder,,,Sacral Chakra,"""The womb carries, and I wonder what sort of collections it has by now.""",DEMULDER - EPHE - QUOTE IMAGES - SACRAL CHAKRA - 1,https://drive.google.com/file/d/1tnRUT-gxHWnbUu7Qe3h0RU1w-qeNWC1e/view?usp=drive_link,,,,QI,,,,,,,,40772,40772,27999,27999,1,,,,"release_year, book_shortener, book_title",https://drive.google.com/file/d/1tnRUT-gxHWnbUu7Qe3h0RU1w-qeNWC1e/view?usp=drive_link
,Sierra DeMulder,,,Sacral Chakra,"""Tell her I am afraid but I am trying anyway because what more can we ask of ourselves.""",DEMULDER-EPHE-QUOTE IMAGE- SACRAL CHAKRA-2.png,https://drive.google.com/file/d/1-TGI4NtZemdyCx4PGM1i0YCKG30-6Y3d/view?usp=drivesdk,,,,QI,,,,,,,,40780,40780,28003,28003,1,,,,"release_year, book_shortener, book_title",https://drive.google.com/file/d/1-TGI4NtZemdyCx4PGM1i0YCKG30-6Y3d/view?usp=drivesdk
,Sierra DeMulder,,,“One Two”,"“I wasn’t allowed to use my phone or check my email, where I could reply, but only if he was in the room, only if he was the one responding.”",DEMULDER - EPHE - Quote Images - OUT - 2.png,https://drive.google.com/file/d/1xZcxTHwe3Iu0KBB6HcdrVyRM9sae6Djp/view?usp=drivesdk,,,,QI,,,,,,,,40728,40728,27986,27986,1,,,,"release_year, book_shortener, book_title",https://drive.google.com/file/d/1xZcxTHwe3Iu0KBB6HcdrVyRM9sae6Djp/view?usp=drivesdk
,Stevie Edwards,SW,Sadness Workshop,But Nothing's Fair After Love,“I can’t even step out of my bedroom without ruining my shoes: I am the wrecking ball and the closed factory. I am what swings.”,Stevie - Sadness Workshop - Quote Image - I can't even step.png,https://drive.google.com/a/buttonpoetry.com/file/d/1pHswNHhRvMCkAFbaD9bSNwmsXXXoRw1m/view?usp=drivesdk,,,,QI,,,,,,,,41520,41520,28510,28510,1,,,,release_year,https://drive.google.com/a/buttonpoetry.com/file/d/1pHswNHhRvMCkAFbaD9bSNwmsXXXoRw1m/view?usp=drivesdk
,Stevie Edwards,SW,Sadness Workshop,Letter of Resignation,“I am sorry I don’t know what to say when my uncle calls from prison but share listicles with mass incarceration stats on Facebook.”,Stevie - Sadness Workshop - Quote Image - I want someone.png,https://drive.google.com/a/buttonpoetry.com/file/d/18wqWeRk5EIJIm0hBsqtGd9vUEOeQ5tWe/view?usp=drivesdk,,,,QI,,,,,,,,41544,41544,28533,28533,1,,,,release_year,https://drive.google.com/a/buttonpoetry.com/file/d/18wqWeRk5EIJIm0hBsqtGd9vUEOeQ5tWe/view?usp=drivesdk
,Stevie Edwards,SW,Sadness Workshop,Lousy Elegy for Ben Chalmers,“I want someone to say we’re all in this alone together.”,Stevie - Sadness Workshop - Quote Image - The year is new.png,https://drive.google.com/a/buttonpoetry.com/file/d/1rnLuhD2wnBP9Eoe-yBxL7knml_U3zVSi/view?usp=drivesdk,,,,QI,,,,,,,,41549,41549,28537,28537,1,,,,release_year,https://drive.google.com/a/buttonpoetry.com/file/d/1rnLuhD2wnBP9Eoe-yBxL7knml_U3zVSi/view?usp=drivesdk
,Stevie Edwards,SW,Sadness Workshop,Not a Love Poem,"“I’ve erased the number he noted at dinner, casually, like reading a menu item. I imagine myself not worried about money for the first time and weep. What I don’t want to say is that his face looks like a child when he sucks my breasts.”",Stevie - Sadness Workshop - Quote Image - A church lady.png,https://drive.google.com/a/buttonpoetry.com/file/d/11x5Qw5RwgDfzDmJge34lA6eTV6zoVRiQ/view?usp=drivesdk,,,,QI,,,,,,,,41558,41558,28544,28544,1,,,,release_year,https://drive.google.com/a/buttonpoetry.com/file/d/11x5Qw5RwgDfzDmJge34lA6eTV6zoVRiQ/view?usp=drivesdk
,Stevie Edwards,SW,Sadness Workshop,Of Water and Wine,“The wine I leave in the kitchen is all gone by dawn. This is the miracle of every morning. If to watch a man vanish is a miracle.”,Stevie - Sadness Workshop - Quote Image - I am here in.png,https://drive.google.com/a/buttonpoetry.com/file/d/1FYW48HXXJBlBMrSf_sNJoe3lfm54cIGa/view?usp=drivesdk,,,,QI,,,,,,,,41559,41559,28545,28545,1,,,,release_year,https://drive.google.com/a/buttonpoetry.com/file/d/1FYW48HXXJBlBMrSf_sNJoe3lfm54cIGa/view?usp=drivesdk
,Stevie Edwards,SW,Sadness Workshop,Of Water and Wine,"“The enemy knocks on my bedroom door at night to say, Let me drink you. The enemy comes home from a late restaurant shift to say his bones are longer than mine. Says he loves me and forgets I am made mostly of water. That I am not what he wants. The wine I leave in the kitchen is all gone by dawn.”",Stevie - Sadness Workshop - Quote Image - I love a body.png,https://drive.google.com/a/buttonpoetry.com/file/d/1T8rcynURH0iZ0xEkwwLxENZqDKHLG3PA/view?usp=drivesdk,,,,QI,,,,,,,,41560,41560,28546,28546,1,,,,release_year,https://drive.google.com/a/buttonpoetry.com/file/d/1T8rcynURH0iZ0xEkwwLxENZqDKHLG3PA/view?usp=drivesdk
,Stevie Edwards,SW,Sadness Workshop,Queen of Ashley River,“It is November and “I am tired of paying bartenders to speak to me.”,Stevie - Sadness Workshop - Quote Image - A boy I barely know.png,https://drive.google.com/a/buttonpoetry.com/file/d/19Kh8dEh1W_nBiz57rPuPIWwrBpRJ9QGZ/view?usp=drivesdk,,,,QI,,,,,,,,41573,41573,28558,28558,1,,,,release_year,https://drive.google.com/a/buttonpoetry.com/file/d/19Kh8dEh1W_nBiz57rPuPIWwrBpRJ9QGZ/view?usp=drivesdk
,Stevie Edwards,SW,Sadness Workshop,Queen of Ashley River,“I am old and not in love but loved.”,Stevie - Sadness Workshop - Quote Image - I am tired.png,https://drive.google.com/a/buttonpoetry.com/file/d/1AvD5omhUdd3i5Rp938oJftIGMQdR6MeL/view?usp=drivesdk,,,,QI,,,,,,,,41570,41570,28555,28555,1,,,,release_year,https://drive.google.com/a/buttonpoetry.com/file/d/1AvD5omhUdd3i5Rp938oJftIGMQdR6MeL/view?usp=drivesdk
,Stevie Edwards,SW,Sadness Workshop,Queen of Ashley River,"“I am the only person who’s come out to the river to be alone with its quiet pull, which is to say, perhaps, I am the only person in Charleston tonight who needs to be pulled into myself.”",Stevie - Sadness Workshop - Quote Image - The only man shorter.png,https://drive.google.com/a/buttonpoetry.com/file/d/1guKaMkYK2g_r7uS7qTlohnPNGh9EnKWt/view?usp=drivesdk,,,,QI,,,,,,,,41571,41571,28556,28556,1,,,,release_year,https://drive.google.com/a/buttonpoetry.com/file/d/1guKaMkYK2g_r7uS7qTlohnPNGh9EnKWt/view?usp=drivesdk
,Stevie Edwards,SW,Sadness Workshop,Sadness Workshop,"“Your sadness can’t just show up for no reason without a body or story. No body, no story, no service. “Your sadness has to have legs, has to have run here from a sad place, like a pound or oncology unit. Your sadness can’t just show up drawing frowns on all the walls and toilet paper. Nobody wants to look at that while they’re trying to shit so they won’t.”",Stevie - Sadness Workshop - Quote Image - I am old enough.png,https://drive.google.com/a/buttonpoetry.com/file/d/1Y5b_pz2r-aLuQ1kliwHqCoRQlX0tJYJB/view?usp=drivesdk,,,,QI,,,,,,,,41588,41588,14455,14455,1,,,,release_year,https://drive.google.com/a/buttonpoetry.com/file/d/1Y5b_pz2r-aLuQ1kliwHqCoRQlX0tJYJB/view?usp=drivesdk
,Stevie Edwards,SW,Sadness Workshop,Sadness Workshop,"“Give the sadness chapped lips, an earache, a hip that pops on snowy days.Give it a lot of snow.”",Stevie - Sadness Workshop - Quote Image - You need to flesh out.png,https://drive.google.com/a/buttonpoetry.com/file/d/12i8m4x5zx0X66jDjrJXXp2Gb7BsKMLLO/view?usp=drivesdk,,,,QI,,,,,,,,41582,41582,14449,14449,1,,,,release_year,https://drive.google.com/a/buttonpoetry.com/file/d/12i8m4x5zx0X66jDjrJXXp2Gb7BsKMLLO/view?usp=drivesdk
,Stevie Edwards,SW,Sadness Workshop,Sadness Workshop,“You need to flesh out the sadness. Give it some girth—an ass that won’t get off the couch. A taste for wine and ice cream and Taco Bell.”,Stevie - Sadness Workshop - Quote Image - Your sadness has to have.png,https://drive.google.com/a/buttonpoetry.com/file/d/1WxxnKzYbsA2XivOarQO8UPlSs8FFmnQx/view?usp=drivesdk,,,,QI,,,,,,,,41583,41583,14454,14454,1,,,,release_year,https://drive.google.com/a/buttonpoetry.com/file/d/1WxxnKzYbsA2XivOarQO8UPlSs8FFmnQx/view?usp=drivesdk
,Stevie Edwards,SW,Sadness Workshop,The Good House,“The kitchen island where poets gather around whiskey and fried chicken is an institution for curing sadness.”,Stevie - Sadness Workshop - Quote Image - For four years.png,https://drive.google.com/a/buttonpoetry.com/file/d/1gytZ9vPcvEWLxYoXaukNmCsCLdgijkIp/view?usp=drivesdk,,,,QI,,,,,,,,41597,41597,28570,28570,1,,,,release_year,https://drive.google.com/a/buttonpoetry.com/file/d/1gytZ9vPcvEWLxYoXaukNmCsCLdgijkIp/view?usp=drivesdk
,Stevie Edwards,SW,Sadness Workshop,The Good House,“For four years I’ve said home and meant a place I don’t sleep anymore. I’m not sure if it’s there.”,Stevie - Sadness Workshop - Quote Image - I swear the city.png,https://drive.google.com/a/buttonpoetry.com/file/d/1re_mTgHDcLMfCqr0nuwHrGLqNI9DY7rF/view?usp=drivesdk,,,,QI,,,,,,,,41598,41598,28571,28571,1,,,,release_year,https://drive.google.com/a/buttonpoetry.com/file/d/1re_mTgHDcLMfCqr0nuwHrGLqNI9DY7rF/view?usp=drivesdk
,Stevie Edwards,SW,Sadness Workshop,“Dear Citizens of the Conference Hotel Bar”,“I feel most sober when pressed against a sticky backdrop of bar laughs and clinked proseccos. At the conference bar I want to be the question and the answer to the prowl of scholars who want to submit poems or penises for my evaluation.”,Stevie - Sadness Workshop - Quote Image - I break prayers out.png,https://drive.google.com/a/buttonpoetry.com/file/d/1LmONN7g_MTvD5bh2-Cq59a0ytdQncWum/view?usp=drivesdk,,,,QI,,,,,,,,41528,41528,28517,28517,1,,,,release_year,https://drive.google.com/a/buttonpoetry.com/file/d/1LmONN7g_MTvD5bh2-Cq59a0ytdQncWum/view?usp=drivesdk
,Stevie Edwards,SW,Sadness Workshop,“Dear Citizens of the Conference Hotel Bar”,"“I want to spin into the too-small clothes of tequila shots. To lick the salt, bite the lime like I am twenty-two and in love with you, you who are everyone and dancing with lips brushing sweaty wisps at the base of my neck, you who are swirling salt and spine, time and shoulder. I throw sobriety down a flight of stairs until she bruises, admits she’s no god, no good, just a sack of organs quitting the earth a little less quickly.”",Stevie - Sadness Workshop - Quote Image - My tits are.png,https://drive.google.com/a/buttonpoetry.com/file/d/105ItPFbbyzPwHQIHnZKEKDhwDJTjFWAI/view?usp=drivesdk,,,,QI,,,,,,,,41529,41529,28518,28518,1,,,,release_year,https://drive.google.com/a/buttonpoetry.com/file/d/105ItPFbbyzPwHQIHnZKEKDhwDJTjFWAI/view?usp=drivesdk
,Stevie Edwards,SW,Sadness Workshop,“Lousy Elegy for Ben Chalmers”,“I want someone to say we’re all in this alone together.”,Stevie - Sadness Workshop - Quote Image - I will always be.png,https://drive.google.com/a/buttonpoetry.com/file/d/1DpaGJLDXNNAUq-pAtWIqlhmcBwIcNudK/view?usp=drivesdk,,,,QI,QI,,,,TRUE,,,41548,41548,28537,28537,1,,,,release_year,https://drive.google.com/a/buttonpoetry.com/file/d/1DpaGJLDXNNAUq-pAtWIqlhmcBwIcNudK/view?usp=drivesdk
,Stevie Edwards,SW,Sadness Workshop,“Queen of Ashley River”,“I am tired of paying bartenders to speak to me.”,Stevie - Sadness Workshop - Quote Image - I am a pillar.png,https://drive.google.com/a/buttonpoetry.com/file/d/1hXYu4bwUSCNtSUA8u7eRMZ7FEoXQe-5J/view?usp=drivesdk,,,,QI,QI,,,,TRUE,,,41574,41574,28559,28559,1,,,,release_year,https://drive.google.com/a/buttonpoetry.com/file/d/1hXYu4bwUSCNtSUA8u7eRMZ7FEoXQe-5J/view?usp=drivesdk
,Stevie Edwards,SW,Sadness Workshop,“Quitters”,"“A boy I barely know says he got sober by masturbating constantly and binging horror films while I watch him smoke outside a church. It’s ugly how much I want him to pin me against the wall and run his hand up my skirt, remind me what it’s like to be greedy, a glass three fingers full.”",Stevie - Sadness Workshop - Quote Image - The sadness should never.png,https://drive.google.com/a/buttonpoetry.com/file/d/1rVJhLeecSW4XNX_XvpmwRrO-9IqQoP66/view?usp=drivesdk,,,,QI,QI,,,,TRUE,,,41577,41577,28561,28561,1,,,,release_year,https://drive.google.com/a/buttonpoetry.com/file/d/1rVJhLeecSW4XNX_XvpmwRrO-9IqQoP66/view?usp=drivesdk
,Stevie Edwards,SW,Sadness Workshop,“Sadness Workshop”,"“The sadness should never own a dog, never babysit a nephew. Everyone agrees it’s blasphemy to mention the sadness in the presence of such sweetness.”",Stevie - Sadness Workshop - Quote Image - This is important.png,https://drive.google.com/a/buttonpoetry.com/file/d/1TMjXJVGHM2uTs5xy79Hi1rX_ckIgmf9M/view?usp=drivesdk,,,,QI,QI,,,,TRUE,,,41581,41581,14452,14452,1,,,,release_year,https://drive.google.com/a/buttonpoetry.com/file/d/1TMjXJVGHM2uTs5xy79Hi1rX_ckIgmf9M/view?usp=drivesdk
,Summer Durant,,,“Same”,"“In Mumbai, a man spoke to me in a language only my body remembers.”",THORNGATE-REIN - PBCA - Quote Images - MY BODY IS AN OBSTINATE DRUM.png,https://drive.google.com/file/d/1C-N2FsMjVGPrTDQqj8sHL_CAK4fdxMlG/view?usp=drivesdk,,,,QI,,,,,,,,41655,41655,28625,28625,1,,,,"release_year, book_shortener, book_title",https://drive.google.com/file/d/1C-N2FsMjVGPrTDQqj8sHL_CAK4fdxMlG/view?usp=drivesdk
,Summer Durant,,,“Same”,"“What I didn’t say was that there were bruises, and it was the bruises that made me think ‘Same, mood, me too.’”",Thorngate-Rein -PBC- Quote images-My body is an obstinate drum-9.png,https://drive.google.com/file/d/1MrMNbaDyeL0KZd7jMfDX6looIQoZ_AgV/view?usp=drivesdk,,,,QI,,,,,,,,41656,41656,28626,28626,1,,,,"release_year, book_shortener, book_title",https://drive.google.com/file/d/1MrMNbaDyeL0KZd7jMfDX6looIQoZ_AgV/view?usp=drivesdk
,SUSANNAH THORNGATE-REIN,PBC,Poetry By Chance,MY BODY IS AN OBSTINATE DRUM,"""this body. Mine and not mine, a rearranged childhood bedroom. I return to it every age I've ever been""",PBC - INT - LO-10.jpg,https://drive.google.com/file/d/1LnVa6sXrAVjcZVUGlUYl_KgQnIt4N8JB/view?usp=drivesdk,,,,QI,QI,,,,FALSE,,,41663,41663,28631,28631,1,,,,release_year,https://drive.google.com/file/d/1LnVa6sXrAVjcZVUGlUYl_KgQnIt4N8JB/view?usp=drivesdk
,SUSANNAH THORNGATE-REIN,PBC,Poetry By Chance,MY BODY IS AN OBSTINATE DRUM,"""my body is an obstinate drum pushing on with an arguing heart, hell-bent on this woman I'm becoming.""",PBC - INT - LO-30.jpg,https://drive.google.com/file/d/1DYxd_bHA1xF__Eg6kX5SIK_lQL75ztGM/view?usp=drivesdk,,,,QI,QI,,,,FALSE,,,41662,41662,28630,28630,1,,,,release_year,https://drive.google.com/file/d/1DYxd_bHA1xF__Eg6kX5SIK_lQL75ztGM/view?usp=drivesdk
,SUSANNAH THORNGATE-REIN,PBC,Poetry By Chance,MY BODY IS AN OBSTINATE DRUM,"""I become reacquainted with my body in sacred loneliness, whole minutes of hot water to myself.""",SUSANNAH THORNGATE-REIN - PBC - Quote Images - MY BODY IS AN OBSTINATE DRUM - 1.png,https://drive.google.com/file/d/19SOjsO9CgxosdJU39GJIxMEU3CxHD7AB/view?usp=drivesdk,,,,QI,QI,,,,FALSE,,,41659,41659,28627,28627,1,,,,release_year,https://drive.google.com/file/d/19SOjsO9CgxosdJU39GJIxMEU3CxHD7AB/view?usp=drivesdk
,Susannah Thorngate-Rein,PBC,Poetry By Chance: An Anthology of Poems Powered By Metaphor Dice,MY BODY IS AN OBSTINATE DRUM,"""but my body
is an obstinate drum
pulsing on with an arguing heart,
hell-bent
on this woman
I’m becoming.""",SUSANNAH THORNGATE-REIN - PBC - Quote Images - MY BODY IS AN OBSTINATE DRUM - 2.png,https://drive.google.com/file/d/17oQQOjf1rdcM8Gf8hAQRp0QKJXTeqeBD/view?usp=drivesdk,,,,QI,,,,Y,,,,41658,41658,28628,28628,1,,,Y,release_year,https://drive.google.com/file/d/17oQQOjf1rdcM8Gf8hAQRp0QKJXTeqeBD/view?usp=drivesdk
,Taylor Mali,PBC,Poetry By Chance,MEMORY CAUSES A SPECTACLE,"""Memory crumbles underneath his feet The orchestra in his brain falls flat""",PBC - CVR - LO-06.jpg,https://drive.google.com/file/d/1L4_iV9GA36CedVUeChp8QXI8dyg1SzGQ/view?usp=drivesdk,,,,QI,QI,,,,FALSE,,,42124,42124,28059,28059,1,,,,release_year,https://drive.google.com/file/d/1L4_iV9GA36CedVUeChp8QXI8dyg1SzGQ/view?usp=drivesdk
,Thomas Fucaloro // “When You Sew What You Reap” (Poetry Observed),,,“When You Sew What You Reap” (Poetry Observed),“I like when other people judge other people. It keeps the economy going.”,THOMAS FULCARO - PBC - Quote Images - IN THE WAITING ROOM - 1.png,https://drive.google.com/file/d/1xBFItXel87mhloD7qnFG8Dil_RhCvBd8/view?usp=drivesdk,,,,QI,,,,,,,,42398,42398,21090,21090,1,,,,"release_year, book_shortener, book_title",https://drive.google.com/file/d/1xBFItXel87mhloD7qnFG8Dil_RhCvBd8/view?usp=drivesdk
,Toaster,,,“Tall People Privilege”,“Good point. I can reach ‘tall-people’ things. I can also reach ‘your’ tall-people things. I reach your tall-people things all the time. I don’t think that makes any fucking sense.”,TOBY GROSSMAN - PBC - Quote Images - AN OPEN LETTER TO HOPE - 1.png,https://drive.google.com/file/d/164ecfDbeQa6jWLL_LlDD02vRICBoow5i/view?usp=drivesdk,,,,QI,,,,,,,,42484,42484,29196,29196,1,,,,"release_year, book_shortener, book_title",https://drive.google.com/file/d/164ecfDbeQa6jWLL_LlDD02vRICBoow5i/view?usp=drivesdk
,Tonya Ingram & Venessa Marco,,,Khaleesi,"“We are the women who dare think of ourselves as more than a fuck. When we lend our thoughts to breath, we know often we are speaking the words that will kill us.”","WINTERS - POMB - Quote Images - & When I Say the Word Hunger, You Know I'm Speaking of Resurrection - 5.png",https://drive.google.com/file/d/1GQKWRFdBqT5nlq2AXZODdVam-ytoCvwC/view?usp=drivesdk,,,,QI,,,,,,,,42540,42540,29233,29233,1,,,,"release_year, book_shortener, book_title",https://drive.google.com/file/d/1GQKWRFdBqT5nlq2AXZODdVam-ytoCvwC/view?usp=drivesdk
,Topaz Winters,,,Ars Poetica IV: Still Life as Lover Unarmed,"“I’m good at softness, the noun; ruin, the verb that enables it.”","Winters - SS - Quote Image - “Poetry, you said, is the monstrosity of being wanted.”",https://drive.google.com/file/d/1waA-A5BozeHQrxDB35r6r0GlrQJUPTEN/view?usp=drivesdk,,,,QI,,,,,,,,42589,42589,29263,29263,1,,,,"release_year, book_shortener, book_title",https://drive.google.com/file/d/1waA-A5BozeHQrxDB35r6r0GlrQJUPTEN/view?usp=drivesdk
,Topaz Winters,,,Ars Poetica IV: Still Life as Lover Unarmed,"""I'm thinking about you, which means I'm thinking about leaving, which means I'm thinking about bodies and their gruesome politics. Dimples. Seizures. Daytime. What we inherit. What we owe.""","Winters - SS - Quote Image - “unlike most poets, I know who my enemies are without needing to bleed to death for them.”",https://drive.google.com/file/d/1XhDnrRgr8L3d--ydsOSr2xV6wo2n16Xb/view?usp=drivesdk,,,,QI,,,,,,,,42597,42597,29265,29265,1,,,,"release_year, book_shortener, book_title",https://drive.google.com/file/d/1XhDnrRgr8L3d--ydsOSr2xV6wo2n16Xb/view?usp=drivesdk
,Topaz Winters,,,Ars Poetica VI: I Promise I Have Better Things to Say than This (ft. Stefan Hopwood),""" I love you in the way good people kill spiders that do them no harm""",Winters - SS - Quote Image - “the first time he left he didn’t bring his passport to the airport with him. he had never realised he needed proof of his country to leave it behind.”,https://drive.google.com/file/d/1S_ygVybSZfeWM6q4LtNBdQJgyqIRPfYp/view?usp=drivesdk,,,,QI,,,,,,,,42606,42606,29272,29272,1,,,,"release_year, book_shortener, book_title",https://drive.google.com/file/d/1S_ygVybSZfeWM6q4LtNBdQJgyqIRPfYp/view?usp=drivesdk
,Topaz Winters,,,In Your Absense,"""Father, teach me again to walk into the flames. Teach me again what's golden. When she touches me, I forget how to count the days until gravestone.""",WINTERS - POMB - Quote Images - July - 9.png,https://drive.google.com/file/d/1vChd_2JwwkY09USljLlBX_QMlkpmUxV0/view?usp=drivesdk,,,,QI,,,,,,,,42673,42673,29311,29311,1,,,,"release_year, book_shortener, book_title",https://drive.google.com/file/d/1vChd_2JwwkY09USljLlBX_QMlkpmUxV0/view?usp=drivesdk
,Topaz Winters,,,Relapse,"""America says I am disappointed in you and I say join the damn club""",Winters - SS - Quote Image - “America says ‘I am disappointed in you’ & I say ‘join the damn club.’”,https://drive.google.com/file/d/17IbcSUIzsqfkZxUcbkyUUo8pSVBL0Xu0/view?usp=drivesdk,,,,QI,,,,,,,,42747,42747,29352,29352,1,,,,"release_year, book_shortener, book_title",https://drive.google.com/file/d/17IbcSUIzsqfkZxUcbkyUUo8pSVBL0Xu0/view?usp=drivesdk
,Topaz Winters,,,"So, Stranger","""... you yawned without thinking and suddenly - all this distance. God you're tired and God you want to be wanted and God fits perfectly in the space between her mouth and the American Dream.","Winters - SS - Quote Image - “The poem closes around you like a map, like a bodysuit. She breathes against you. You search for a zip.”",https://drive.google.com/file/d/1GyXEaxy6IvUEzagHxul_RO-pptPF95iZ/view?usp=drivesdk,,,,QI,,,,,,,,42791,42791,29382,29382,1,,,,"release_year, book_shortener, book_title",https://drive.google.com/file/d/1GyXEaxy6IvUEzagHxul_RO-pptPF95iZ/view?usp=drivesdk
,Topaz Winters,,,War Story With My Father,"""I see the hurt in his eyes when I flinch as (my father) tries to hug me, and I want to say 'it's not your fault', but all that comes out is 'I swear there was a time when I didn't starve in this language.""",Winters - SS - Quote Image - “I’ve only ever prayed to avoid rescue.”,https://drive.google.com/file/d/1A8K0Vc3Rj2zewXUPP_wjCwV_1MzJIn13/view?usp=drivesdk,,,,QI,,,,,,,,42857,42857,29420,29420,1,,,,"release_year, book_shortener, book_title",https://drive.google.com/file/d/1A8K0Vc3Rj2zewXUPP_wjCwV_1MzJIn13/view?usp=drivesdk
,Topaz Winters,,,Where Are You Really From?,"Said in the intro the video ""I'm from a country that no one ever leaves""",Winters - SS - Quote Image - “Everything I created never made it across the sea. I didn’t even get to watch it all drown.”,https://drive.google.com/file/d/1cOYQWou_TZdkR2PwiWcmBeDrLWcGjxkE/view?usp=drivesdk,,,,QI,,,,,,,,42882,42882,29436,29436,1,,,,"release_year, book_shortener, book_title",https://drive.google.com/file/d/1cOYQWou_TZdkR2PwiWcmBeDrLWcGjxkE/view?usp=drivesdk
,Ty Chapman,,,Pantheon,"""It's cool tho, cause I got legions behind me: Sisters and brothers, wacky uncles and elders who go back like four flats and all that.""",CHAPMAN - TART - Quote Images - PANTHEON - 4.png,https://drive.google.com/file/d/10GMM9p5HNcV2oRnv02IA7OkpUhzoIiel/view?usp=drivesdk,,,,QI,,,,,,,,43157,43157,29635,29635,1,,,,"release_year, book_shortener, book_title",https://drive.google.com/file/d/10GMM9p5HNcV2oRnv02IA7OkpUhzoIiel/view?usp=drivesdk
,Ty Chapman,,,Pantheon,"""How it rages to know we've given everything and still ain't seen a cent.""",Chapman- TART-Quote Images- Pantheon- 10.png,https://drive.google.com/file/d/1fuOyFe_6mxOuD0Uo1ecJLzyCq5xOtd4Q/view?usp=drivesdk,,,,QI,,,,,,,,43154,43154,29632,29632,1,,,,"release_year, book_shortener, book_title",https://drive.google.com/file/d/1fuOyFe_6mxOuD0Uo1ecJLzyCq5xOtd4Q/view?usp=drivesdk
,Usman Hameedi,SRH,,CALCULUS,"""With just one $20 bill,
she wove us a safety net.
Stable fridge full enough
to power a young boy’s
growing imagination.""",SRH- INT - LO-05.jpg,https://drive.google.com/file/d/1-vZqjNG7tJojb9DscFKEdVwTpX5YE-Ah/view?usp=drivesdk,,,,QI,QI,,,,FALSE,,,43237,43237,29683,29683,1,,,,"release_year, book_title",https://drive.google.com/file/d/1-vZqjNG7tJojb9DscFKEdVwTpX5YE-Ah/view?usp=drivesdk
,Usman Hameedi,SRH,,FRAGILE,"""Supposed to be good with emotions, but I just procrastinate on
art, promises.
Leave pages, text messages blank. Give silence as if it were
a safer gift, unbreakable as diamonds.""",SRH- INT - HI-03.jpg,https://drive.google.com/file/d/1bNdQd4iFR8T_SUOgBmB5654ZFJYuI-Vv/view?usp=drivesdk,,,,QI,QI,,,,FALSE,,,43338,43338,29728,29728,1,,,,"release_year, book_title",https://drive.google.com/file/d/1bNdQd4iFR8T_SUOgBmB5654ZFJYuI-Vv/view?usp=drivesdk
,Usman Hameedi,,,Short List of Life Lessons Brought to You by World Wrestling Entertainment,"""physical strength had its place but a king of kings is born with a brain, organ of brute strength""",HAMEEDI-SRH-Quote Images-Short List-1.png,https://drive.google.com/file/d/1fTB8tVPlt_Y0gJgUeIen3E1NpQYBCy3W/view?usp=share_link,,,,QI,,,,,,,,43457,43457,29771,29771,1,,,,"release_year, book_shortener, book_title",https://drive.google.com/file/d/1fTB8tVPlt_Y0gJgUeIen3E1NpQYBCy3W/view?usp=share_link
,Victoria Morgan,,,“How to Succeed in Heartbreak” (CUPSI 2015),"“Do not pick yourself up, do not be okay, because heartbreak is not about being okay, it is about remembering you were okay before.”",WARREN - PBCA - Quote Images - I AM A SILENT SONGBIRD - 10.png,https://drive.google.com/file/d/1_LRTJwRQ6G4IlDw6A2blaZhrM4CBgy7k/view?usp=drivesdk,,,,QI,,,,,,,,43600,43600,29849,29849,1,,,,"release_year, book_shortener, book_title",https://drive.google.com/file/d/1_LRTJwRQ6G4IlDw6A2blaZhrM4CBgy7k/view?usp=drivesdk
,Victoria Morgan,,,“How to Succeed in Heartbreak” (CUPSI 2015),"“First, do nothing. Become one with your couch, eating whole stacks of Oreos like leaning towers of feelings!”",WHITAKER - PBCA - Quote Images - LOVE IS A GENTLE JUNKYARD.png,https://drive.google.com/file/d/1YdHujENoIhtGp2wlP5S2RW6LiY_XHEl7/view?usp=drivesdk,,,,QI,,,,,,,,43603,43603,29850,29850,1,,,,"release_year, book_shortener, book_title",https://drive.google.com/file/d/1YdHujENoIhtGp2wlP5S2RW6LiY_XHEl7/view?usp=drivesdk
,WARREN,PBC,Poetry By Chance,I AM A SILENT SONGBIRD,"""i have so much to say, so many words bubbling in my throat, but i am a silent song bird, and so my mouth remains closed""",WIJESINGHE - PBCA - Quote Images - THIS IS HOW I LOSE YOU.png,https://drive.google.com/file/d/1dM4aw3i6YlxpNnT1JcuKum0i4ujN4yR0/view?usp=drivesdk,,,,QI,QI,,,,FALSE,,,43604,43604,29851,29851,1,,,,release_year,https://drive.google.com/file/d/1dM4aw3i6YlxpNnT1JcuKum0i4ujN4yR0/view?usp=drivesdk
,Will Giles,,,“Zombies (Made in America)”,"“Of course the empire is afraid of zombies, this whole country was built on a native fuckin’ graveyard.”",William - SCDMDH - Quote Image - The little girl in the.png,https://drive.google.com/a/buttonpoetry.com/file/d/0B_-uqSs_rEYCYk1KTWphNXkzR28/view?usp=drivesdk,,,,QI,,,,,,,,43667,43667,29905,29905,1,,,,"release_year, book_shortener, book_title",https://drive.google.com/a/buttonpoetry.com/file/d/0B_-uqSs_rEYCYk1KTWphNXkzR28/view?usp=drivesdk
,Will Giles & Travis T.,,,Oral Traditions,"“An ocean erases all that is written in sand, so our ancestors etched everything into the tides of their tongues.”",William - SCDMDH - Quote Image - I did not know what.png,https://drive.google.com/a/buttonpoetry.com/file/d/0B_-uqSs_rEYCZDN4T2huTEY0OW8/view?usp=drivesdk,,,,QI,,,,,,,,43668,43668,29906,29906,1,,,,"release_year, book_shortener, book_title",https://drive.google.com/a/buttonpoetry.com/file/d/0B_-uqSs_rEYCZDN4T2huTEY0OW8/view?usp=drivesdk
,William Evans,SCDM,Bloodfresh,“Still Can't Do My Daughter's Hair”,"""My blood is a graceless dancer. My hands are petty prayers.”",William - SCDMDH - Quote Image - I have nightmares where.png,https://drive.google.com/a/buttonpoetry.com/file/d/0B_-uqSs_rEYCUFNXblRpYmU0Rlk/view?usp=drivesdk,,,,QI,QI,,,,FALSE,,,43929,43929,30100,30100,1,,,,release_year,https://drive.google.com/a/buttonpoetry.com/file/d/0B_-uqSs_rEYCUFNXblRpYmU0Rlk/view?usp=drivesdk
,William Royster,,,“Letters to my Son”,“I think of you often. Imagine the first time I clasped your hands inside mines and pierced into your eyes searching for a glimpse of God.”,WOLFE- PBCA - Quote Images - Heirloom - 2.png,https://drive.google.com/file/d/1XYMoZ8TD8NgPWWqA5qGCN-bWyZ3lUlZG/view?usp=drivesdk,,,,QI,,,,,,,,44113,44113,30215,30215,1,,,,"release_year, book_shortener, book_title",https://drive.google.com/file/d/1XYMoZ8TD8NgPWWqA5qGCN-bWyZ3lUlZG/view?usp=drivesdk
,Zach Goldberg,,,15 Seconds,"""My inheritance is a bundle of EKG wires, the strange arrhythmic heart song sung by my father and his father before him. This is what it feels like to drown in your family's ocean.""","Goldberg - IRBD - Quote Images - A list of rituals to invoke Hypnos, the God of Sleep - 2.png",https://drive.google.com/file/d/1yNDb5op1BICHfysLMpV19iSdqaHlfcWe/view?usp=drivesdk,,,,QI,,,,,,,,44286,44286,30343,30343,1,,,,"release_year, book_shortener, book_title",https://drive.google.com/file/d/1yNDb5op1BICHfysLMpV19iSdqaHlfcWe/view?usp=drivesdk
